SET session_replication_role = replica;

--
-- PostgreSQL database dump
--

-- Dumped from database version 17.4
-- Dumped by pg_dump version 17.4

SET statement_timeout = 0;
SET lock_timeout = 0;
SET idle_in_transaction_session_timeout = 0;
SET transaction_timeout = 0;
SET client_encoding = 'UTF8';
SET standard_conforming_strings = on;
SELECT pg_catalog.set_config('search_path', '', false);
SET check_function_bodies = false;
SET xmloption = content;
SET client_min_messages = warning;
SET row_security = off;

--
-- Data for Name: audit_log_entries; Type: TABLE DATA; Schema: auth; Owner: supabase_auth_admin
--

INSERT INTO "auth"."audit_log_entries" ("instance_id", "id", "payload", "created_at", "ip_address") VALUES
	('00000000-0000-0000-0000-000000000000', '81743463-eba1-4c33-927a-2687e606783f', '{"action":"user_signedup","actor_id":"00000000-0000-0000-0000-000000000000","actor_username":"service_role","actor_via_sso":false,"log_type":"team","traits":{"provider":"email","user_email":"ryanj.kelley@icloud.com","user_id":"e901709b-d3a5-4a5e-a2cd-84af6afbc658","user_phone":""}}', '2025-08-14 01:52:35.871518+00', ''),
	('00000000-0000-0000-0000-000000000000', 'e1c46518-d61d-48c0-a539-aaa479aede2b', '{"action":"login","actor_id":"e901709b-d3a5-4a5e-a2cd-84af6afbc658","actor_username":"ryanj.kelley@icloud.com","actor_via_sso":false,"log_type":"account","traits":{"provider":"email"}}', '2025-08-14 01:52:36.336107+00', ''),
	('00000000-0000-0000-0000-000000000000', 'caf1ac34-e07a-41be-9088-c902ff1d10ab', '{"action":"user_modified","actor_id":"00000000-0000-0000-0000-000000000000","actor_username":"service_role","actor_via_sso":false,"log_type":"user","traits":{"user_email":"ryanj.kelley@icloud.com","user_id":"e901709b-d3a5-4a5e-a2cd-84af6afbc658","user_phone":""}}', '2025-08-14 01:53:03.10841+00', ''),
	('00000000-0000-0000-0000-000000000000', '7b6d1cc6-1988-44bf-b0ab-cbe759d70af9', '{"action":"user_modified","actor_id":"00000000-0000-0000-0000-000000000000","actor_username":"service_role","actor_via_sso":false,"log_type":"user","traits":{"user_email":"ryanj.kelley@icloud.com","user_id":"e901709b-d3a5-4a5e-a2cd-84af6afbc658","user_phone":""}}', '2025-08-14 02:08:06.008411+00', ''),
	('00000000-0000-0000-0000-000000000000', '76c7b218-da52-4102-9359-0ce42213191a', '{"action":"logout","actor_id":"e901709b-d3a5-4a5e-a2cd-84af6afbc658","actor_username":"ryanj.kelley@icloud.com","actor_via_sso":false,"log_type":"account"}', '2025-08-14 02:09:47.856652+00', ''),
	('00000000-0000-0000-0000-000000000000', '02bac48d-eb8c-4245-85f3-d2c2bd52f918', '{"action":"user_signedup","actor_id":"00000000-0000-0000-0000-000000000000","actor_username":"service_role","actor_via_sso":false,"log_type":"team","traits":{"provider":"email","user_email":"ryan@ryankelleydesign.com","user_id":"6a05f74f-1650-4874-a59e-921455acc16c","user_phone":""}}', '2025-08-14 02:17:11.407189+00', ''),
	('00000000-0000-0000-0000-000000000000', '574c013e-cebc-49e3-9f3c-153299d70ddb', '{"action":"login","actor_id":"6a05f74f-1650-4874-a59e-921455acc16c","actor_username":"ryan@ryankelleydesign.com","actor_via_sso":false,"log_type":"account","traits":{"provider":"email"}}', '2025-08-14 02:17:12.221233+00', ''),
	('00000000-0000-0000-0000-000000000000', 'c1fb15c3-39ab-4594-8104-2838d67446d0', '{"action":"user_modified","actor_id":"00000000-0000-0000-0000-000000000000","actor_username":"service_role","actor_via_sso":false,"log_type":"user","traits":{"user_email":"ryan@ryankelleydesign.com","user_id":"6a05f74f-1650-4874-a59e-921455acc16c","user_phone":""}}', '2025-08-14 02:17:31.390573+00', ''),
	('00000000-0000-0000-0000-000000000000', '3579b566-1f64-4df6-8cf7-459efe436d22', '{"action":"login","actor_id":"e901709b-d3a5-4a5e-a2cd-84af6afbc658","actor_username":"ryanj.kelley@icloud.com","actor_via_sso":false,"log_type":"account","traits":{"provider":"email"}}', '2025-08-14 02:18:38.156914+00', ''),
	('00000000-0000-0000-0000-000000000000', '0ff341fe-5fe9-4d26-88c6-7bb352a7d722', '{"action":"logout","actor_id":"e901709b-d3a5-4a5e-a2cd-84af6afbc658","actor_username":"ryanj.kelley@icloud.com","actor_via_sso":false,"log_type":"account"}', '2025-08-14 02:19:29.385622+00', ''),
	('00000000-0000-0000-0000-000000000000', '569252e4-4dbb-47e7-abd3-e1ad1c2b54bf', '{"action":"login","actor_id":"6a05f74f-1650-4874-a59e-921455acc16c","actor_username":"ryan@ryankelleydesign.com","actor_via_sso":false,"log_type":"account","traits":{"provider":"email"}}', '2025-08-14 02:21:31.114577+00', ''),
	('00000000-0000-0000-0000-000000000000', '858af8c8-c953-4bf9-8005-4cde13d6fcab', '{"action":"logout","actor_id":"6a05f74f-1650-4874-a59e-921455acc16c","actor_username":"ryan@ryankelleydesign.com","actor_via_sso":false,"log_type":"account"}', '2025-08-14 02:22:41.652978+00', ''),
	('00000000-0000-0000-0000-000000000000', '0d14f188-aa44-4640-82c3-46b080a37a04', '{"action":"login","actor_id":"e901709b-d3a5-4a5e-a2cd-84af6afbc658","actor_username":"ryanj.kelley@icloud.com","actor_via_sso":false,"log_type":"account","traits":{"provider":"email"}}', '2025-08-14 02:23:32.074483+00', ''),
	('00000000-0000-0000-0000-000000000000', '29893c8f-3e4c-4fc1-9462-a01e9e6551ed', '{"action":"login","actor_id":"e901709b-d3a5-4a5e-a2cd-84af6afbc658","actor_username":"ryanj.kelley@icloud.com","actor_via_sso":false,"log_type":"account","traits":{"provider":"email"}}', '2025-08-14 02:34:19.791601+00', ''),
	('00000000-0000-0000-0000-000000000000', 'd4f89c6b-2a49-4df1-a12a-e004f02dc3fb', '{"action":"logout","actor_id":"e901709b-d3a5-4a5e-a2cd-84af6afbc658","actor_username":"ryanj.kelley@icloud.com","actor_via_sso":false,"log_type":"account"}', '2025-08-14 02:35:12.982091+00', ''),
	('00000000-0000-0000-0000-000000000000', '14e8de59-bcaf-4a72-a4a6-241f68bcc019', '{"action":"login","actor_id":"6a05f74f-1650-4874-a59e-921455acc16c","actor_username":"ryan@ryankelleydesign.com","actor_via_sso":false,"log_type":"account","traits":{"provider":"email"}}', '2025-08-14 02:35:31.851496+00', ''),
	('00000000-0000-0000-0000-000000000000', '8f8abec4-fc6b-4b85-93a5-f408a1914291', '{"action":"logout","actor_id":"6a05f74f-1650-4874-a59e-921455acc16c","actor_username":"ryan@ryankelleydesign.com","actor_via_sso":false,"log_type":"account"}', '2025-08-14 02:36:45.257493+00', ''),
	('00000000-0000-0000-0000-000000000000', '03f6557a-64bd-4e93-83dc-fc595e8878a1', '{"action":"login","actor_id":"e901709b-d3a5-4a5e-a2cd-84af6afbc658","actor_username":"ryanj.kelley@icloud.com","actor_via_sso":false,"log_type":"account","traits":{"provider":"email"}}', '2025-08-14 02:37:09.869264+00', ''),
	('00000000-0000-0000-0000-000000000000', 'ae0f760c-4cf8-4c2e-8d1e-29e926d2c63b', '{"action":"login","actor_id":"e901709b-d3a5-4a5e-a2cd-84af6afbc658","actor_username":"ryanj.kelley@icloud.com","actor_via_sso":false,"log_type":"account","traits":{"provider":"email"}}', '2025-08-14 02:40:46.049619+00', ''),
	('00000000-0000-0000-0000-000000000000', '341e4b0a-3b3a-446d-88f3-5cf47999c614', '{"action":"logout","actor_id":"e901709b-d3a5-4a5e-a2cd-84af6afbc658","actor_username":"ryanj.kelley@icloud.com","actor_via_sso":false,"log_type":"account"}', '2025-08-14 03:11:24.596964+00', ''),
	('00000000-0000-0000-0000-000000000000', 'c50744cb-8b09-4f6f-837f-6e32ec721080', '{"action":"login","actor_id":"6a05f74f-1650-4874-a59e-921455acc16c","actor_username":"ryan@ryankelleydesign.com","actor_via_sso":false,"log_type":"account","traits":{"provider":"email"}}', '2025-08-14 03:11:54.171543+00', ''),
	('00000000-0000-0000-0000-000000000000', 'c5503a1a-f329-4a39-a118-d5316f8d75ed', '{"action":"logout","actor_id":"6a05f74f-1650-4874-a59e-921455acc16c","actor_username":"ryan@ryankelleydesign.com","actor_via_sso":false,"log_type":"account"}', '2025-08-14 03:14:56.28113+00', ''),
	('00000000-0000-0000-0000-000000000000', 'b3fcb7a8-c2d8-4a48-a441-a405e1fd314a', '{"action":"login","actor_id":"e901709b-d3a5-4a5e-a2cd-84af6afbc658","actor_username":"ryanj.kelley@icloud.com","actor_via_sso":false,"log_type":"account","traits":{"provider":"email"}}', '2025-08-14 03:15:18.281159+00', ''),
	('00000000-0000-0000-0000-000000000000', '9ce775fb-a190-4c95-bc4a-d3c507a6c9ae', '{"action":"user_modified","actor_id":"00000000-0000-0000-0000-000000000000","actor_username":"service_role","actor_via_sso":false,"log_type":"user","traits":{"user_email":"ryanj.kelley@icloud.com","user_id":"e901709b-d3a5-4a5e-a2cd-84af6afbc658","user_phone":""}}', '2025-08-14 03:16:52.75658+00', ''),
	('00000000-0000-0000-0000-000000000000', 'fa9350c2-f26c-4e4a-86e6-407b7e9a46f9', '{"action":"user_modified","actor_id":"00000000-0000-0000-0000-000000000000","actor_username":"service_role","actor_via_sso":false,"log_type":"user","traits":{"user_email":"ryanj.kelley@icloud.com","user_id":"e901709b-d3a5-4a5e-a2cd-84af6afbc658","user_phone":""}}', '2025-08-14 03:17:11.284176+00', ''),
	('00000000-0000-0000-0000-000000000000', 'c5fde78a-f9c8-4ee7-945d-cf684c1de88d', '{"action":"logout","actor_id":"e901709b-d3a5-4a5e-a2cd-84af6afbc658","actor_username":"ryanj.kelley@icloud.com","actor_via_sso":false,"log_type":"account"}', '2025-08-14 03:31:11.883746+00', ''),
	('00000000-0000-0000-0000-000000000000', 'db216891-c172-4ace-a0db-995685c622e2', '{"action":"login","actor_id":"6a05f74f-1650-4874-a59e-921455acc16c","actor_username":"ryan@ryankelleydesign.com","actor_via_sso":false,"log_type":"account","traits":{"provider":"email"}}', '2025-08-14 03:33:27.034353+00', ''),
	('00000000-0000-0000-0000-000000000000', '5916aefb-b905-4e51-8a7b-7bfc9f6710cf', '{"action":"login","actor_id":"e901709b-d3a5-4a5e-a2cd-84af6afbc658","actor_username":"ryanj.kelley@icloud.com","actor_via_sso":false,"log_type":"account","traits":{"provider":"email"}}', '2025-08-14 03:49:08.062318+00', ''),
	('00000000-0000-0000-0000-000000000000', 'c2d011a8-142b-4840-9259-3a4454708df4', '{"action":"login","actor_id":"e901709b-d3a5-4a5e-a2cd-84af6afbc658","actor_username":"ryanj.kelley@icloud.com","actor_via_sso":false,"log_type":"account","traits":{"provider":"email"}}', '2025-08-14 03:49:14.000398+00', ''),
	('00000000-0000-0000-0000-000000000000', 'aafde0b0-0df9-496a-b49b-989b7b3491e6', '{"action":"login","actor_id":"e901709b-d3a5-4a5e-a2cd-84af6afbc658","actor_username":"ryanj.kelley@icloud.com","actor_via_sso":false,"log_type":"account","traits":{"provider":"email"}}', '2025-08-14 04:22:31.026861+00', ''),
	('00000000-0000-0000-0000-000000000000', '53f170a8-4935-4fc6-b63d-7d355f4db25d', '{"action":"login","actor_id":"e901709b-d3a5-4a5e-a2cd-84af6afbc658","actor_username":"ryanj.kelley@icloud.com","actor_via_sso":false,"log_type":"account","traits":{"provider":"email"}}', '2025-08-14 04:29:48.877979+00', ''),
	('00000000-0000-0000-0000-000000000000', '960fd705-5d3e-4fde-8d16-ad8e150cb626', '{"action":"login","actor_id":"e901709b-d3a5-4a5e-a2cd-84af6afbc658","actor_username":"ryanj.kelley@icloud.com","actor_via_sso":false,"log_type":"account","traits":{"provider":"email"}}', '2025-08-14 04:33:13.180305+00', ''),
	('00000000-0000-0000-0000-000000000000', 'cbe41094-91d2-4132-82bc-d3b211642756', '{"action":"login","actor_id":"e901709b-d3a5-4a5e-a2cd-84af6afbc658","actor_username":"ryanj.kelley@icloud.com","actor_via_sso":false,"log_type":"account","traits":{"provider":"email"}}', '2025-08-14 04:46:37.286885+00', ''),
	('00000000-0000-0000-0000-000000000000', 'f07a92e9-80c6-481b-8329-6dc0ad8063bb', '{"action":"user_recovery_requested","actor_id":"e901709b-d3a5-4a5e-a2cd-84af6afbc658","actor_username":"ryanj.kelley@icloud.com","actor_via_sso":false,"log_type":"user"}', '2025-08-14 04:55:37.085749+00', ''),
	('00000000-0000-0000-0000-000000000000', '61ba3257-f54f-49d6-a63e-83460a89405d', '{"action":"login","actor_id":"e901709b-d3a5-4a5e-a2cd-84af6afbc658","actor_username":"ryanj.kelley@icloud.com","actor_via_sso":false,"log_type":"account"}', '2025-08-14 04:56:50.452792+00', ''),
	('00000000-0000-0000-0000-000000000000', '9f1345c5-8c24-4b6e-9295-1c975c0c5fa1', '{"action":"user_deleted","actor_id":"00000000-0000-0000-0000-000000000000","actor_username":"service_role","actor_via_sso":false,"log_type":"team","traits":{"user_email":"ryan@ryankelleydesign.com","user_id":"6a05f74f-1650-4874-a59e-921455acc16c","user_phone":""}}', '2025-08-14 04:57:31.171758+00', ''),
	('00000000-0000-0000-0000-000000000000', '5dbd7520-4e77-40c0-a04b-0b93f9727145', '{"action":"user_deleted","actor_id":"00000000-0000-0000-0000-000000000000","actor_username":"service_role","actor_via_sso":false,"log_type":"team","traits":{"user_email":"ryanj.kelley@icloud.com","user_id":"e901709b-d3a5-4a5e-a2cd-84af6afbc658","user_phone":""}}', '2025-08-14 04:57:31.202834+00', ''),
	('00000000-0000-0000-0000-000000000000', 'cab3ed50-a2e4-4336-a417-d65d42be16eb', '{"action":"user_signedup","actor_id":"00000000-0000-0000-0000-000000000000","actor_username":"service_role","actor_via_sso":false,"log_type":"team","traits":{"provider":"email","user_email":"ryanj.kelley@icloud.com","user_id":"3cc000e3-b251-41fc-8e24-fafe475e8e58","user_phone":""}}', '2025-08-14 04:58:18.542134+00', ''),
	('00000000-0000-0000-0000-000000000000', 'f5cb0501-c145-4cd1-844a-1dbae1b21b47', '{"action":"login","actor_id":"3cc000e3-b251-41fc-8e24-fafe475e8e58","actor_username":"ryanj.kelley@icloud.com","actor_via_sso":false,"log_type":"account","traits":{"provider":"email"}}', '2025-08-14 04:58:19.073874+00', ''),
	('00000000-0000-0000-0000-000000000000', '50253f3c-a342-4847-948f-9f2bc81a39ef', '{"action":"user_modified","actor_id":"00000000-0000-0000-0000-000000000000","actor_username":"service_role","actor_via_sso":false,"log_type":"user","traits":{"user_email":"ryanj.kelley@icloud.com","user_id":"3cc000e3-b251-41fc-8e24-fafe475e8e58","user_phone":""}}', '2025-08-14 04:58:42.144904+00', ''),
	('00000000-0000-0000-0000-000000000000', 'adb76143-359b-41d3-8f1e-1bb7ec4c6b75', '{"action":"user_signedup","actor_id":"00000000-0000-0000-0000-000000000000","actor_username":"service_role","actor_via_sso":false,"log_type":"team","traits":{"provider":"email","user_email":"ryan@ryankelleydesign.com","user_id":"f58da3f8-6ab8-4406-baa1-036c6a6d787f","user_phone":""}}', '2025-08-14 04:59:23.735727+00', ''),
	('00000000-0000-0000-0000-000000000000', 'f40a2b82-48c6-4926-9609-442ad8594cd5', '{"action":"login","actor_id":"f58da3f8-6ab8-4406-baa1-036c6a6d787f","actor_username":"ryan@ryankelleydesign.com","actor_via_sso":false,"log_type":"account","traits":{"provider":"email"}}', '2025-08-14 04:59:24.225452+00', ''),
	('00000000-0000-0000-0000-000000000000', '9308738e-556c-4b9f-bdae-d394da1a1ee9', '{"action":"logout","actor_id":"f58da3f8-6ab8-4406-baa1-036c6a6d787f","actor_username":"ryan@ryankelleydesign.com","actor_via_sso":false,"log_type":"account"}', '2025-08-14 05:13:03.025439+00', ''),
	('00000000-0000-0000-0000-000000000000', 'e814976b-d0d1-44b9-859e-ac21ba6f92c5', '{"action":"login","actor_id":"f58da3f8-6ab8-4406-baa1-036c6a6d787f","actor_username":"ryan@ryankelleydesign.com","actor_via_sso":false,"log_type":"account","traits":{"provider":"email"}}', '2025-08-14 05:13:25.169889+00', ''),
	('00000000-0000-0000-0000-000000000000', 'd5222e49-cdcf-4603-9db7-b25383583b52', '{"action":"logout","actor_id":"f58da3f8-6ab8-4406-baa1-036c6a6d787f","actor_username":"ryan@ryankelleydesign.com","actor_via_sso":false,"log_type":"account"}', '2025-08-14 05:13:32.856109+00', ''),
	('00000000-0000-0000-0000-000000000000', '751779ad-3d35-4ac7-9779-7a412f16f3de', '{"action":"login","actor_id":"3cc000e3-b251-41fc-8e24-fafe475e8e58","actor_username":"ryanj.kelley@icloud.com","actor_via_sso":false,"log_type":"account","traits":{"provider":"email"}}', '2025-08-14 05:13:48.974191+00', ''),
	('00000000-0000-0000-0000-000000000000', '923ca5cc-dfbd-4a62-b5ad-93f0481de6ab', '{"action":"login","actor_id":"3cc000e3-b251-41fc-8e24-fafe475e8e58","actor_username":"ryanj.kelley@icloud.com","actor_via_sso":false,"log_type":"account","traits":{"provider":"email"}}', '2025-08-14 05:15:54.357654+00', ''),
	('00000000-0000-0000-0000-000000000000', '3d1b07f5-05e5-40fd-b445-faa4d6377ba8', '{"action":"user_modified","actor_id":"00000000-0000-0000-0000-000000000000","actor_username":"service_role","actor_via_sso":false,"log_type":"user","traits":{"user_email":"ryanj.kelley@icloud.com","user_id":"3cc000e3-b251-41fc-8e24-fafe475e8e58","user_phone":""}}', '2025-08-14 05:15:59.742747+00', ''),
	('00000000-0000-0000-0000-000000000000', 'ca3d0081-a3ea-4978-a992-93090a21063d', '{"action":"user_modified","actor_id":"00000000-0000-0000-0000-000000000000","actor_username":"service_role","actor_via_sso":false,"log_type":"user","traits":{"user_email":"ryanj.kelley@icloud.com","user_id":"3cc000e3-b251-41fc-8e24-fafe475e8e58","user_phone":""}}', '2025-08-14 05:17:45.225739+00', ''),
	('00000000-0000-0000-0000-000000000000', 'd08c3d3b-28a3-42b7-b2dc-84b777dbe412', '{"action":"user_modified","actor_id":"00000000-0000-0000-0000-000000000000","actor_username":"service_role","actor_via_sso":false,"log_type":"user","traits":{"user_email":"ryanj.kelley@icloud.com","user_id":"3cc000e3-b251-41fc-8e24-fafe475e8e58","user_phone":""}}', '2025-08-14 05:19:57.81989+00', ''),
	('00000000-0000-0000-0000-000000000000', 'cbffc1b9-4249-4b76-90b6-1743027ca96b', '{"action":"user_modified","actor_id":"00000000-0000-0000-0000-000000000000","actor_username":"service_role","actor_via_sso":false,"log_type":"user","traits":{"user_email":"ryanj.kelley@icloud.com","user_id":"3cc000e3-b251-41fc-8e24-fafe475e8e58","user_phone":""}}', '2025-08-14 05:20:56.655259+00', ''),
	('00000000-0000-0000-0000-000000000000', '7d2694c4-8527-44a4-8148-897eeeb6122f', '{"action":"user_modified","actor_id":"00000000-0000-0000-0000-000000000000","actor_username":"service_role","actor_via_sso":false,"log_type":"user","traits":{"user_email":"ryanj.kelley@icloud.com","user_id":"3cc000e3-b251-41fc-8e24-fafe475e8e58","user_phone":""}}', '2025-08-14 05:21:04.339176+00', ''),
	('00000000-0000-0000-0000-000000000000', 'd2688946-a98e-477e-8a00-8c30f68b68ae', '{"action":"user_modified","actor_id":"00000000-0000-0000-0000-000000000000","actor_username":"service_role","actor_via_sso":false,"log_type":"user","traits":{"user_email":"ryanj.kelley@icloud.com","user_id":"3cc000e3-b251-41fc-8e24-fafe475e8e58","user_phone":""}}', '2025-08-14 05:21:07.257634+00', ''),
	('00000000-0000-0000-0000-000000000000', 'e2bfcfd0-84a2-48b9-a45b-b0b1327c8de3', '{"action":"user_modified","actor_id":"00000000-0000-0000-0000-000000000000","actor_username":"service_role","actor_via_sso":false,"log_type":"user","traits":{"user_email":"ryanj.kelley@icloud.com","user_id":"3cc000e3-b251-41fc-8e24-fafe475e8e58","user_phone":""}}', '2025-08-14 05:21:10.627866+00', ''),
	('00000000-0000-0000-0000-000000000000', '0a498982-b7c7-436d-b203-e3236c49d37c', '{"action":"user_modified","actor_id":"00000000-0000-0000-0000-000000000000","actor_username":"service_role","actor_via_sso":false,"log_type":"user","traits":{"user_email":"ryanj.kelley@icloud.com","user_id":"3cc000e3-b251-41fc-8e24-fafe475e8e58","user_phone":""}}', '2025-08-14 05:21:19.431032+00', ''),
	('00000000-0000-0000-0000-000000000000', '859d7bc2-37af-493b-b919-2c1192858181', '{"action":"user_modified","actor_id":"00000000-0000-0000-0000-000000000000","actor_username":"service_role","actor_via_sso":false,"log_type":"user","traits":{"user_email":"ryanj.kelley@icloud.com","user_id":"3cc000e3-b251-41fc-8e24-fafe475e8e58","user_phone":""}}', '2025-08-14 05:25:17.596604+00', ''),
	('00000000-0000-0000-0000-000000000000', 'c79552c4-f18b-46db-8985-c377113f15b3', '{"action":"login","actor_id":"3cc000e3-b251-41fc-8e24-fafe475e8e58","actor_username":"ryanj.kelley@icloud.com","actor_via_sso":false,"log_type":"account","traits":{"provider":"email"}}', '2025-08-14 05:25:52.849227+00', ''),
	('00000000-0000-0000-0000-000000000000', '80a25b0c-165a-402c-a759-53b4e6daa1c6', '{"action":"user_modified","actor_id":"00000000-0000-0000-0000-000000000000","actor_username":"service_role","actor_via_sso":false,"log_type":"user","traits":{"user_email":"ryanj.kelley@icloud.com","user_id":"3cc000e3-b251-41fc-8e24-fafe475e8e58","user_phone":""}}', '2025-08-14 05:26:00.92913+00', ''),
	('00000000-0000-0000-0000-000000000000', '5a7eff05-5396-4a1c-a2fe-03aeaf94d53d', '{"action":"login","actor_id":"3cc000e3-b251-41fc-8e24-fafe475e8e58","actor_username":"ryanj.kelley@icloud.com","actor_via_sso":false,"log_type":"account","traits":{"provider":"email"}}', '2025-08-14 05:28:17.78932+00', ''),
	('00000000-0000-0000-0000-000000000000', 'c6bf6df9-28cd-4487-bf33-9aec4b14ed34', '{"action":"user_modified","actor_id":"00000000-0000-0000-0000-000000000000","actor_username":"service_role","actor_via_sso":false,"log_type":"user","traits":{"user_email":"ryanj.kelley@icloud.com","user_id":"3cc000e3-b251-41fc-8e24-fafe475e8e58","user_phone":""}}', '2025-08-14 05:28:33.236198+00', ''),
	('00000000-0000-0000-0000-000000000000', '92986041-410b-4581-a9dd-aaf4c4982ef9', '{"action":"user_modified","actor_id":"00000000-0000-0000-0000-000000000000","actor_username":"service_role","actor_via_sso":false,"log_type":"user","traits":{"user_email":"ryanj.kelley@icloud.com","user_id":"3cc000e3-b251-41fc-8e24-fafe475e8e58","user_phone":""}}', '2025-08-14 05:30:49.891908+00', ''),
	('00000000-0000-0000-0000-000000000000', 'a4691b1f-65ff-4d97-a0a5-d3a8a2b29f4d', '{"action":"login","actor_id":"3cc000e3-b251-41fc-8e24-fafe475e8e58","actor_username":"ryanj.kelley@icloud.com","actor_via_sso":false,"log_type":"account","traits":{"provider":"email"}}', '2025-08-14 05:31:28.351141+00', ''),
	('00000000-0000-0000-0000-000000000000', 'd4dc62d6-6ae7-48b4-9591-e822d94d36e2', '{"action":"user_modified","actor_id":"00000000-0000-0000-0000-000000000000","actor_username":"service_role","actor_via_sso":false,"log_type":"user","traits":{"user_email":"ryanj.kelley@icloud.com","user_id":"3cc000e3-b251-41fc-8e24-fafe475e8e58","user_phone":""}}', '2025-08-14 05:31:33.995363+00', ''),
	('00000000-0000-0000-0000-000000000000', '83c95644-20b0-4b0e-9ccd-fb32e028ab92', '{"action":"user_modified","actor_id":"00000000-0000-0000-0000-000000000000","actor_username":"service_role","actor_via_sso":false,"log_type":"user","traits":{"user_email":"ryanj.kelley@icloud.com","user_id":"3cc000e3-b251-41fc-8e24-fafe475e8e58","user_phone":""}}', '2025-08-14 05:33:48.867209+00', ''),
	('00000000-0000-0000-0000-000000000000', 'f0916948-048b-4c0d-a7d7-c90fa452f415', '{"action":"user_modified","actor_id":"00000000-0000-0000-0000-000000000000","actor_username":"service_role","actor_via_sso":false,"log_type":"user","traits":{"user_email":"ryanj.kelley@icloud.com","user_id":"3cc000e3-b251-41fc-8e24-fafe475e8e58","user_phone":""}}', '2025-08-14 05:36:11.948528+00', ''),
	('00000000-0000-0000-0000-000000000000', '5b33c93b-f072-474b-b84c-d0a9d308f08b', '{"action":"login","actor_id":"3cc000e3-b251-41fc-8e24-fafe475e8e58","actor_username":"ryanj.kelley@icloud.com","actor_via_sso":false,"log_type":"account","traits":{"provider":"email"}}', '2025-08-14 05:37:27.336585+00', ''),
	('00000000-0000-0000-0000-000000000000', '0ef682f9-34e3-45a3-8be4-fe4e21cb3e1a', '{"action":"user_modified","actor_id":"00000000-0000-0000-0000-000000000000","actor_username":"service_role","actor_via_sso":false,"log_type":"user","traits":{"user_email":"ryanj.kelley@icloud.com","user_id":"3cc000e3-b251-41fc-8e24-fafe475e8e58","user_phone":""}}', '2025-08-14 05:37:35.828652+00', ''),
	('00000000-0000-0000-0000-000000000000', '99297316-b70a-4f01-a521-a9ebbb4b53ed', '{"action":"user_modified","actor_id":"00000000-0000-0000-0000-000000000000","actor_username":"service_role","actor_via_sso":false,"log_type":"user","traits":{"user_email":"ryanj.kelley@icloud.com","user_id":"3cc000e3-b251-41fc-8e24-fafe475e8e58","user_phone":""}}', '2025-08-14 05:39:56.304643+00', ''),
	('00000000-0000-0000-0000-000000000000', 'd5263e57-28b4-410e-99ea-59d0e6a5830b', '{"action":"user_modified","actor_id":"00000000-0000-0000-0000-000000000000","actor_username":"service_role","actor_via_sso":false,"log_type":"user","traits":{"user_email":"ryanj.kelley@icloud.com","user_id":"3cc000e3-b251-41fc-8e24-fafe475e8e58","user_phone":""}}', '2025-08-14 05:42:34.447236+00', ''),
	('00000000-0000-0000-0000-000000000000', '55c7450b-7142-45d6-9ed5-f3fedaaa7f87', '{"action":"user_modified","actor_id":"00000000-0000-0000-0000-000000000000","actor_username":"service_role","actor_via_sso":false,"log_type":"user","traits":{"user_email":"ryanj.kelley@icloud.com","user_id":"3cc000e3-b251-41fc-8e24-fafe475e8e58","user_phone":""}}', '2025-08-14 05:48:48.338251+00', ''),
	('00000000-0000-0000-0000-000000000000', 'c389d30f-8a9b-4399-a906-6bc2b8c45415', '{"action":"user_modified","actor_id":"00000000-0000-0000-0000-000000000000","actor_username":"service_role","actor_via_sso":false,"log_type":"user","traits":{"user_email":"ryanj.kelley@icloud.com","user_id":"3cc000e3-b251-41fc-8e24-fafe475e8e58","user_phone":""}}', '2025-08-14 05:49:20.698951+00', ''),
	('00000000-0000-0000-0000-000000000000', '5d8f0a32-602c-403f-ab14-7f1f31d73f5c', '{"action":"login","actor_id":"3cc000e3-b251-41fc-8e24-fafe475e8e58","actor_username":"ryanj.kelley@icloud.com","actor_via_sso":false,"log_type":"account","traits":{"provider":"email"}}', '2025-08-14 05:49:53.073392+00', ''),
	('00000000-0000-0000-0000-000000000000', '7016982d-aa7a-404f-853b-e1dc73becc6c', '{"action":"user_modified","actor_id":"00000000-0000-0000-0000-000000000000","actor_username":"service_role","actor_via_sso":false,"log_type":"user","traits":{"user_email":"ryanj.kelley@icloud.com","user_id":"3cc000e3-b251-41fc-8e24-fafe475e8e58","user_phone":""}}', '2025-08-14 05:49:58.53233+00', ''),
	('00000000-0000-0000-0000-000000000000', 'd88cdf7c-f0cd-434a-8a56-dd6de57505c2', '{"action":"token_refreshed","actor_id":"3cc000e3-b251-41fc-8e24-fafe475e8e58","actor_username":"ryanj.kelley@icloud.com","actor_via_sso":false,"log_type":"token"}', '2025-08-14 16:04:01.392812+00', ''),
	('00000000-0000-0000-0000-000000000000', '0653e63c-b50d-4153-9859-3e80025cbcfd', '{"action":"token_revoked","actor_id":"3cc000e3-b251-41fc-8e24-fafe475e8e58","actor_username":"ryanj.kelley@icloud.com","actor_via_sso":false,"log_type":"token"}', '2025-08-14 16:04:01.420364+00', ''),
	('00000000-0000-0000-0000-000000000000', '37b3468b-2a07-43fb-8990-0c785be1e3c5', '{"action":"token_refreshed","actor_id":"3cc000e3-b251-41fc-8e24-fafe475e8e58","actor_username":"ryanj.kelley@icloud.com","actor_via_sso":false,"log_type":"token"}', '2025-08-14 17:44:53.636456+00', ''),
	('00000000-0000-0000-0000-000000000000', '5f945500-c18b-4ed3-a2e6-968ed76b3912', '{"action":"token_revoked","actor_id":"3cc000e3-b251-41fc-8e24-fafe475e8e58","actor_username":"ryanj.kelley@icloud.com","actor_via_sso":false,"log_type":"token"}', '2025-08-14 17:44:53.651341+00', ''),
	('00000000-0000-0000-0000-000000000000', 'e10c5517-cba5-4392-8e11-b78599a704aa', '{"action":"user_modified","actor_id":"00000000-0000-0000-0000-000000000000","actor_username":"service_role","actor_via_sso":false,"log_type":"user","traits":{"user_email":"ryanj.kelley@icloud.com","user_id":"3cc000e3-b251-41fc-8e24-fafe475e8e58","user_phone":""}}', '2025-08-14 18:02:41.276318+00', ''),
	('00000000-0000-0000-0000-000000000000', '31dfec68-f241-4a2e-abf4-94a2df65ef13', '{"action":"token_refreshed","actor_id":"3cc000e3-b251-41fc-8e24-fafe475e8e58","actor_username":"ryanj.kelley@icloud.com","actor_via_sso":false,"log_type":"token"}', '2025-08-15 00:03:36.294105+00', ''),
	('00000000-0000-0000-0000-000000000000', 'f5a60fb3-d12c-4470-9f48-fc0811e9e41f', '{"action":"token_revoked","actor_id":"3cc000e3-b251-41fc-8e24-fafe475e8e58","actor_username":"ryanj.kelley@icloud.com","actor_via_sso":false,"log_type":"token"}', '2025-08-15 00:03:36.320752+00', ''),
	('00000000-0000-0000-0000-000000000000', 'e8c7dabe-eb86-495e-8634-c91754ae98fb', '{"action":"token_refreshed","actor_id":"3cc000e3-b251-41fc-8e24-fafe475e8e58","actor_username":"ryanj.kelley@icloud.com","actor_via_sso":false,"log_type":"token"}', '2025-08-15 05:18:46.704091+00', ''),
	('00000000-0000-0000-0000-000000000000', '17de88ef-9a96-49fa-bc58-a1c6348fef97', '{"action":"token_revoked","actor_id":"3cc000e3-b251-41fc-8e24-fafe475e8e58","actor_username":"ryanj.kelley@icloud.com","actor_via_sso":false,"log_type":"token"}', '2025-08-15 05:18:46.728988+00', ''),
	('00000000-0000-0000-0000-000000000000', '75250613-cbb6-46b7-961b-57129bf4ca80', '{"action":"token_refreshed","actor_id":"3cc000e3-b251-41fc-8e24-fafe475e8e58","actor_username":"ryanj.kelley@icloud.com","actor_via_sso":false,"log_type":"token"}', '2025-08-15 06:31:09.924892+00', ''),
	('00000000-0000-0000-0000-000000000000', 'f558aa93-e969-447f-b198-d970f52d71c1', '{"action":"token_revoked","actor_id":"3cc000e3-b251-41fc-8e24-fafe475e8e58","actor_username":"ryanj.kelley@icloud.com","actor_via_sso":false,"log_type":"token"}', '2025-08-15 06:31:09.952033+00', ''),
	('00000000-0000-0000-0000-000000000000', 'f2e990a3-c395-42f5-80b5-4432ad549769', '{"action":"logout","actor_id":"3cc000e3-b251-41fc-8e24-fafe475e8e58","actor_username":"ryanj.kelley@icloud.com","actor_via_sso":false,"log_type":"account"}', '2025-08-15 06:59:33.834363+00', ''),
	('00000000-0000-0000-0000-000000000000', 'ee02256f-eed5-4f6a-8a70-56b8138eb74f', '{"action":"login","actor_id":"3cc000e3-b251-41fc-8e24-fafe475e8e58","actor_username":"ryanj.kelley@icloud.com","actor_via_sso":false,"log_type":"account","traits":{"provider":"email"}}', '2025-08-15 07:01:26.392258+00', ''),
	('00000000-0000-0000-0000-000000000000', '4db058ab-eab6-4951-937a-981b42feb60b', '{"action":"login","actor_id":"3cc000e3-b251-41fc-8e24-fafe475e8e58","actor_username":"ryanj.kelley@icloud.com","actor_via_sso":false,"log_type":"account","traits":{"provider":"email"}}', '2025-08-15 07:13:41.290569+00', ''),
	('00000000-0000-0000-0000-000000000000', '2657e7c1-f8c6-4b72-95a9-db7eeb302ca9', '{"action":"logout","actor_id":"3cc000e3-b251-41fc-8e24-fafe475e8e58","actor_username":"ryanj.kelley@icloud.com","actor_via_sso":false,"log_type":"account"}', '2025-08-15 07:14:11.250884+00', ''),
	('00000000-0000-0000-0000-000000000000', '51935f39-2f11-44c5-96d9-bdf20c7d8b9a', '{"action":"user_deleted","actor_id":"00000000-0000-0000-0000-000000000000","actor_username":"service_role","actor_via_sso":false,"log_type":"team","traits":{"user_email":"ryan@ryankelleydesign.com","user_id":"f58da3f8-6ab8-4406-baa1-036c6a6d787f","user_phone":""}}', '2025-08-15 07:15:44.076043+00', ''),
	('00000000-0000-0000-0000-000000000000', '7cfa38f2-3de2-40d0-9f86-70174a03f129', '{"action":"user_signedup","actor_id":"00000000-0000-0000-0000-000000000000","actor_username":"service_role","actor_via_sso":false,"log_type":"team","traits":{"provider":"email","user_email":"ryan@ryankelleydesign.com","user_id":"2af97f51-4519-489e-9e95-ce45d6eefb8d","user_phone":""}}', '2025-08-15 07:16:10.730897+00', ''),
	('00000000-0000-0000-0000-000000000000', 'cd4a6f1d-d2be-43a9-9fd1-ea965e1c4775', '{"action":"login","actor_id":"2af97f51-4519-489e-9e95-ce45d6eefb8d","actor_username":"ryan@ryankelleydesign.com","actor_via_sso":false,"log_type":"account","traits":{"provider":"email"}}', '2025-08-15 07:16:11.348898+00', ''),
	('00000000-0000-0000-0000-000000000000', 'a87ae533-25b1-410f-b3c2-3a2e9ed33538', '{"action":"login","actor_id":"2af97f51-4519-489e-9e95-ce45d6eefb8d","actor_username":"ryan@ryankelleydesign.com","actor_via_sso":false,"log_type":"account","traits":{"provider":"email"}}', '2025-08-15 07:18:56.99677+00', ''),
	('00000000-0000-0000-0000-000000000000', '32358fc0-7869-4a34-8990-fea770fccd33', '{"action":"logout","actor_id":"2af97f51-4519-489e-9e95-ce45d6eefb8d","actor_username":"ryan@ryankelleydesign.com","actor_via_sso":false,"log_type":"account"}', '2025-08-15 07:19:48.083307+00', ''),
	('00000000-0000-0000-0000-000000000000', 'a1111342-ebcd-4d9a-a307-e9ed2d5f1495', '{"action":"login","actor_id":"3cc000e3-b251-41fc-8e24-fafe475e8e58","actor_username":"ryanj.kelley@icloud.com","actor_via_sso":false,"log_type":"account","traits":{"provider":"email"}}', '2025-08-15 07:20:11.431279+00', ''),
	('00000000-0000-0000-0000-000000000000', '3f4489d1-8c6a-40bc-aff7-d155742a01ee', '{"action":"user_modified","actor_id":"00000000-0000-0000-0000-000000000000","actor_username":"service_role","actor_via_sso":false,"log_type":"user","traits":{"user_email":"ryanj.kelley@icloud.com","user_id":"3cc000e3-b251-41fc-8e24-fafe475e8e58","user_phone":""}}', '2025-08-15 07:20:23.090232+00', ''),
	('00000000-0000-0000-0000-000000000000', '088c5285-0002-431f-bbde-81802a5e8890', '{"action":"user_modified","actor_id":"00000000-0000-0000-0000-000000000000","actor_username":"service_role","actor_via_sso":false,"log_type":"user","traits":{"user_email":"ryanj.kelley@icloud.com","user_id":"3cc000e3-b251-41fc-8e24-fafe475e8e58","user_phone":""}}', '2025-08-15 07:22:48.419+00', ''),
	('00000000-0000-0000-0000-000000000000', '16f2d2dd-31dc-47e2-a2f3-52b63b7ea030', '{"action":"user_modified","actor_id":"00000000-0000-0000-0000-000000000000","actor_username":"service_role","actor_via_sso":false,"log_type":"user","traits":{"user_email":"ryanj.kelley@icloud.com","user_id":"3cc000e3-b251-41fc-8e24-fafe475e8e58","user_phone":""}}', '2025-08-15 07:23:14.78225+00', ''),
	('00000000-0000-0000-0000-000000000000', '122bb5f9-a56e-474c-9184-09ae4a7d07f9', '{"action":"login","actor_id":"3cc000e3-b251-41fc-8e24-fafe475e8e58","actor_username":"ryanj.kelley@icloud.com","actor_via_sso":false,"log_type":"account","traits":{"provider":"email"}}', '2025-08-15 07:23:43.709973+00', ''),
	('00000000-0000-0000-0000-000000000000', 'e4aa6b07-8b89-4b5e-8f3a-75006d4d8a61', '{"action":"user_modified","actor_id":"00000000-0000-0000-0000-000000000000","actor_username":"service_role","actor_via_sso":false,"log_type":"user","traits":{"user_email":"ryanj.kelley@icloud.com","user_id":"3cc000e3-b251-41fc-8e24-fafe475e8e58","user_phone":""}}', '2025-08-15 07:23:50.402248+00', ''),
	('00000000-0000-0000-0000-000000000000', 'ed886f9a-a6b8-42ce-a0fc-9c4216960720', '{"action":"user_modified","actor_id":"00000000-0000-0000-0000-000000000000","actor_username":"service_role","actor_via_sso":false,"log_type":"user","traits":{"user_email":"ryanj.kelley@icloud.com","user_id":"3cc000e3-b251-41fc-8e24-fafe475e8e58","user_phone":""}}', '2025-08-15 07:27:36.71261+00', ''),
	('00000000-0000-0000-0000-000000000000', '35121933-4270-450a-85c4-5da91992c56c', '{"action":"logout","actor_id":"3cc000e3-b251-41fc-8e24-fafe475e8e58","actor_username":"ryanj.kelley@icloud.com","actor_via_sso":false,"log_type":"account"}', '2025-08-15 07:28:23.547475+00', ''),
	('00000000-0000-0000-0000-000000000000', '909f0f1e-e25f-40d4-9df9-ea152a53780c', '{"action":"login","actor_id":"2af97f51-4519-489e-9e95-ce45d6eefb8d","actor_username":"ryan@ryankelleydesign.com","actor_via_sso":false,"log_type":"account","traits":{"provider":"email"}}', '2025-08-15 07:28:44.800389+00', ''),
	('00000000-0000-0000-0000-000000000000', '916c015f-3aa2-498f-b4ae-f65b6698a9d7', '{"action":"logout","actor_id":"2af97f51-4519-489e-9e95-ce45d6eefb8d","actor_username":"ryan@ryankelleydesign.com","actor_via_sso":false,"log_type":"account"}', '2025-08-15 07:29:07.891398+00', ''),
	('00000000-0000-0000-0000-000000000000', '9a1f1173-011d-4c56-af74-2d66753e6438', '{"action":"login","actor_id":"3cc000e3-b251-41fc-8e24-fafe475e8e58","actor_username":"ryanj.kelley@icloud.com","actor_via_sso":false,"log_type":"account","traits":{"provider":"email"}}', '2025-08-15 07:29:25.274725+00', ''),
	('00000000-0000-0000-0000-000000000000', '894d9032-aecf-4fa9-ae4e-427ec494baf3', '{"action":"user_modified","actor_id":"00000000-0000-0000-0000-000000000000","actor_username":"service_role","actor_via_sso":false,"log_type":"user","traits":{"user_email":"ryanj.kelley@icloud.com","user_id":"3cc000e3-b251-41fc-8e24-fafe475e8e58","user_phone":""}}', '2025-08-15 07:29:32.118574+00', ''),
	('00000000-0000-0000-0000-000000000000', '53b13178-2227-42c9-bf63-f7dc5648b61e', '{"action":"user_modified","actor_id":"00000000-0000-0000-0000-000000000000","actor_username":"service_role","actor_via_sso":false,"log_type":"user","traits":{"user_email":"ryanj.kelley@icloud.com","user_id":"3cc000e3-b251-41fc-8e24-fafe475e8e58","user_phone":""}}', '2025-08-15 07:36:00.446252+00', ''),
	('00000000-0000-0000-0000-000000000000', '7c5ea7d1-ccc1-45db-82ee-3560bdc349a2', '{"action":"user_modified","actor_id":"00000000-0000-0000-0000-000000000000","actor_username":"service_role","actor_via_sso":false,"log_type":"user","traits":{"user_email":"ryanj.kelley@icloud.com","user_id":"3cc000e3-b251-41fc-8e24-fafe475e8e58","user_phone":""}}', '2025-08-15 07:44:20.326209+00', ''),
	('00000000-0000-0000-0000-000000000000', '16cb6fc4-88af-4147-b6a7-6a1761e9ed80', '{"action":"user_modified","actor_id":"00000000-0000-0000-0000-000000000000","actor_username":"service_role","actor_via_sso":false,"log_type":"user","traits":{"user_email":"ryanj.kelley@icloud.com","user_id":"3cc000e3-b251-41fc-8e24-fafe475e8e58","user_phone":""}}', '2025-08-15 07:47:30.960195+00', ''),
	('00000000-0000-0000-0000-000000000000', '1357f7e6-0602-4f7b-96cb-de491b6ef38b', '{"action":"user_modified","actor_id":"00000000-0000-0000-0000-000000000000","actor_username":"service_role","actor_via_sso":false,"log_type":"user","traits":{"user_email":"ryanj.kelley@icloud.com","user_id":"3cc000e3-b251-41fc-8e24-fafe475e8e58","user_phone":""}}', '2025-08-15 07:51:09.534211+00', ''),
	('00000000-0000-0000-0000-000000000000', '98348e82-444a-4f67-ab1e-b7471c2734d0', '{"action":"user_modified","actor_id":"00000000-0000-0000-0000-000000000000","actor_username":"service_role","actor_via_sso":false,"log_type":"user","traits":{"user_email":"ryanj.kelley@icloud.com","user_id":"3cc000e3-b251-41fc-8e24-fafe475e8e58","user_phone":""}}', '2025-08-15 07:59:04.699924+00', ''),
	('00000000-0000-0000-0000-000000000000', '874912fc-ea52-4b19-b3bb-dfa88e6649ad', '{"action":"user_modified","actor_id":"00000000-0000-0000-0000-000000000000","actor_username":"service_role","actor_via_sso":false,"log_type":"user","traits":{"user_email":"ryanj.kelley@icloud.com","user_id":"3cc000e3-b251-41fc-8e24-fafe475e8e58","user_phone":""}}', '2025-08-15 08:03:10.059104+00', ''),
	('00000000-0000-0000-0000-000000000000', '0ea1062e-4223-4b31-a934-76ac62dfd678', '{"action":"user_modified","actor_id":"00000000-0000-0000-0000-000000000000","actor_username":"service_role","actor_via_sso":false,"log_type":"user","traits":{"user_email":"ryanj.kelley@icloud.com","user_id":"3cc000e3-b251-41fc-8e24-fafe475e8e58","user_phone":""}}', '2025-08-15 08:23:04.357426+00', ''),
	('00000000-0000-0000-0000-000000000000', 'f0b72089-6861-4564-83c0-ae97e2b9f6f7', '{"action":"token_refreshed","actor_id":"3cc000e3-b251-41fc-8e24-fafe475e8e58","actor_username":"ryanj.kelley@icloud.com","actor_via_sso":false,"log_type":"token"}', '2025-08-15 08:43:19.310549+00', ''),
	('00000000-0000-0000-0000-000000000000', '8003ca16-d0aa-4e5e-92da-4c80782b2ee9', '{"action":"token_revoked","actor_id":"3cc000e3-b251-41fc-8e24-fafe475e8e58","actor_username":"ryanj.kelley@icloud.com","actor_via_sso":false,"log_type":"token"}', '2025-08-15 08:43:19.31575+00', ''),
	('00000000-0000-0000-0000-000000000000', '0b41c116-8dda-4ca2-a4d0-5fbe8832969b', '{"action":"token_refreshed","actor_id":"3cc000e3-b251-41fc-8e24-fafe475e8e58","actor_username":"ryanj.kelley@icloud.com","actor_via_sso":false,"log_type":"token"}', '2025-08-15 16:10:02.644077+00', ''),
	('00000000-0000-0000-0000-000000000000', 'b3c396ac-b08e-4fa0-adc2-2dfa37b353d5', '{"action":"token_revoked","actor_id":"3cc000e3-b251-41fc-8e24-fafe475e8e58","actor_username":"ryanj.kelley@icloud.com","actor_via_sso":false,"log_type":"token"}', '2025-08-15 16:10:02.674786+00', ''),
	('00000000-0000-0000-0000-000000000000', '8dca2965-737f-40d0-a889-6ad24ea23752', '{"action":"login","actor_id":"3cc000e3-b251-41fc-8e24-fafe475e8e58","actor_username":"ryanj.kelley@icloud.com","actor_via_sso":false,"log_type":"account","traits":{"provider":"email"}}', '2025-08-15 16:14:55.986432+00', ''),
	('00000000-0000-0000-0000-000000000000', '8bb47853-7970-4202-b3e0-9dfeafe5bb82', '{"action":"user_modified","actor_id":"00000000-0000-0000-0000-000000000000","actor_username":"service_role","actor_via_sso":false,"log_type":"user","traits":{"user_email":"ryanj.kelley@icloud.com","user_id":"3cc000e3-b251-41fc-8e24-fafe475e8e58","user_phone":""}}', '2025-08-15 16:15:35.240944+00', ''),
	('00000000-0000-0000-0000-000000000000', '5cff21e4-f298-46e3-9f18-f748c95f944d', '{"action":"token_refreshed","actor_id":"3cc000e3-b251-41fc-8e24-fafe475e8e58","actor_username":"ryanj.kelley@icloud.com","actor_via_sso":false,"log_type":"token"}', '2025-08-17 22:48:11.392527+00', ''),
	('00000000-0000-0000-0000-000000000000', '956f47e0-0d7c-4d87-9ffa-ff9127b016e1', '{"action":"token_revoked","actor_id":"3cc000e3-b251-41fc-8e24-fafe475e8e58","actor_username":"ryanj.kelley@icloud.com","actor_via_sso":false,"log_type":"token"}', '2025-08-17 22:48:11.421616+00', ''),
	('00000000-0000-0000-0000-000000000000', '5fad1869-3b34-4ed6-900f-8371841bb6be', '{"action":"user_modified","actor_id":"00000000-0000-0000-0000-000000000000","actor_username":"service_role","actor_via_sso":false,"log_type":"user","traits":{"user_email":"ryanj.kelley@icloud.com","user_id":"3cc000e3-b251-41fc-8e24-fafe475e8e58","user_phone":""}}', '2025-08-17 22:51:27.277496+00', ''),
	('00000000-0000-0000-0000-000000000000', 'f7fee992-f4c8-457c-ae32-ea2c0ded787c', '{"action":"token_refreshed","actor_id":"3cc000e3-b251-41fc-8e24-fafe475e8e58","actor_username":"ryanj.kelley@icloud.com","actor_via_sso":false,"log_type":"token"}', '2025-08-18 18:33:42.440503+00', ''),
	('00000000-0000-0000-0000-000000000000', 'e6692b7f-d940-4ebe-a988-15c5021c8318', '{"action":"token_revoked","actor_id":"3cc000e3-b251-41fc-8e24-fafe475e8e58","actor_username":"ryanj.kelley@icloud.com","actor_via_sso":false,"log_type":"token"}', '2025-08-18 18:33:42.461767+00', ''),
	('00000000-0000-0000-0000-000000000000', 'add65a54-17cd-4a2d-a853-a281a5914a69', '{"action":"login","actor_id":"3cc000e3-b251-41fc-8e24-fafe475e8e58","actor_username":"ryanj.kelley@icloud.com","actor_via_sso":false,"log_type":"account","traits":{"provider":"email"}}', '2025-08-23 21:00:41.261624+00', ''),
	('00000000-0000-0000-0000-000000000000', '083b3fd8-ef6f-4d77-90c0-8d082210b980', '{"action":"user_modified","actor_id":"00000000-0000-0000-0000-000000000000","actor_username":"service_role","actor_via_sso":false,"log_type":"user","traits":{"user_email":"ryanj.kelley@icloud.com","user_id":"3cc000e3-b251-41fc-8e24-fafe475e8e58","user_phone":""}}', '2025-08-23 21:00:59.22565+00', ''),
	('00000000-0000-0000-0000-000000000000', '5a93532f-48ac-4402-9df3-40d391f19fd4', '{"action":"login","actor_id":"3cc000e3-b251-41fc-8e24-fafe475e8e58","actor_username":"ryanj.kelley@icloud.com","actor_via_sso":false,"log_type":"account","traits":{"provider":"email"}}', '2025-09-14 18:13:45.418428+00', ''),
	('00000000-0000-0000-0000-000000000000', '2408b2e7-863c-4c07-a835-ce9f8ae06e9f', '{"action":"user_modified","actor_id":"00000000-0000-0000-0000-000000000000","actor_username":"service_role","actor_via_sso":false,"log_type":"user","traits":{"user_email":"ryanj.kelley@icloud.com","user_id":"3cc000e3-b251-41fc-8e24-fafe475e8e58","user_phone":""}}', '2025-09-14 18:13:56.324147+00', ''),
	('00000000-0000-0000-0000-000000000000', '812cb50d-a83c-4434-82cd-f4f673eb357c', '{"action":"token_refreshed","actor_id":"3cc000e3-b251-41fc-8e24-fafe475e8e58","actor_username":"ryanj.kelley@icloud.com","actor_via_sso":false,"log_type":"token"}', '2025-09-14 19:12:11.718567+00', ''),
	('00000000-0000-0000-0000-000000000000', '4b444c50-8f22-47fc-ba38-60fedefce217', '{"action":"token_revoked","actor_id":"3cc000e3-b251-41fc-8e24-fafe475e8e58","actor_username":"ryanj.kelley@icloud.com","actor_via_sso":false,"log_type":"token"}', '2025-09-14 19:12:11.739325+00', ''),
	('00000000-0000-0000-0000-000000000000', '11ba9225-b631-4be4-9358-02fa99f23984', '{"action":"token_refreshed","actor_id":"3cc000e3-b251-41fc-8e24-fafe475e8e58","actor_username":"ryanj.kelley@icloud.com","actor_via_sso":false,"log_type":"token"}', '2025-09-14 20:10:28.809146+00', ''),
	('00000000-0000-0000-0000-000000000000', 'a677212b-3c86-4543-8cfa-b5ff6e5e617e', '{"action":"token_revoked","actor_id":"3cc000e3-b251-41fc-8e24-fafe475e8e58","actor_username":"ryanj.kelley@icloud.com","actor_via_sso":false,"log_type":"token"}', '2025-09-14 20:10:28.826531+00', ''),
	('00000000-0000-0000-0000-000000000000', '6041ca05-93f5-458d-a43c-5a5ecd52b1b9', '{"action":"login","actor_id":"3cc000e3-b251-41fc-8e24-fafe475e8e58","actor_username":"ryanj.kelley@icloud.com","actor_via_sso":false,"log_type":"account","traits":{"provider":"email"}}', '2025-09-14 20:55:54.391999+00', ''),
	('00000000-0000-0000-0000-000000000000', '8e76ef3a-fc42-48b1-b25c-f02278a660f9', '{"action":"token_refreshed","actor_id":"3cc000e3-b251-41fc-8e24-fafe475e8e58","actor_username":"ryanj.kelley@icloud.com","actor_via_sso":false,"log_type":"token"}', '2025-09-14 21:09:15.44611+00', ''),
	('00000000-0000-0000-0000-000000000000', '9ef05d5b-6138-492d-82fa-38536f5eb84d', '{"action":"token_revoked","actor_id":"3cc000e3-b251-41fc-8e24-fafe475e8e58","actor_username":"ryanj.kelley@icloud.com","actor_via_sso":false,"log_type":"token"}', '2025-09-14 21:09:15.454758+00', ''),
	('00000000-0000-0000-0000-000000000000', 'dc3adc77-4d91-40a5-bb6a-3f66adc64e22', '{"action":"logout","actor_id":"3cc000e3-b251-41fc-8e24-fafe475e8e58","actor_username":"ryanj.kelley@icloud.com","actor_via_sso":false,"log_type":"account"}', '2025-09-14 21:09:31.388325+00', ''),
	('00000000-0000-0000-0000-000000000000', 'feff5e88-2abe-4c07-bbdc-3558d1435db4', '{"action":"login","actor_id":"3cc000e3-b251-41fc-8e24-fafe475e8e58","actor_username":"ryanj.kelley@icloud.com","actor_via_sso":false,"log_type":"account","traits":{"provider":"email"}}', '2025-09-14 21:09:41.661787+00', ''),
	('00000000-0000-0000-0000-000000000000', '4ab5a245-c57d-41fd-9612-4b042855bf71', '{"action":"logout","actor_id":"3cc000e3-b251-41fc-8e24-fafe475e8e58","actor_username":"ryanj.kelley@icloud.com","actor_via_sso":false,"log_type":"account"}', '2025-09-14 21:09:45.064387+00', ''),
	('00000000-0000-0000-0000-000000000000', '69f0ac61-5fdb-46f2-b8a5-f6304e6fe43f', '{"action":"login","actor_id":"3cc000e3-b251-41fc-8e24-fafe475e8e58","actor_username":"ryanj.kelley@icloud.com","actor_via_sso":false,"log_type":"account","traits":{"provider":"email"}}', '2025-09-14 21:10:09.88473+00', ''),
	('00000000-0000-0000-0000-000000000000', 'f1d2d6a5-c3bd-4ba5-8287-2e058eb8b1d3', '{"action":"logout","actor_id":"3cc000e3-b251-41fc-8e24-fafe475e8e58","actor_username":"ryanj.kelley@icloud.com","actor_via_sso":false,"log_type":"account"}', '2025-09-14 21:11:05.711678+00', ''),
	('00000000-0000-0000-0000-000000000000', '83f3c594-c41c-4f12-b54d-103fc9300d87', '{"action":"login","actor_id":"3cc000e3-b251-41fc-8e24-fafe475e8e58","actor_username":"ryanj.kelley@icloud.com","actor_via_sso":false,"log_type":"account","traits":{"provider":"email"}}', '2025-09-14 21:11:15.735907+00', ''),
	('00000000-0000-0000-0000-000000000000', '9207bec6-c49b-433f-bbeb-92b3fcf68f57', '{"action":"logout","actor_id":"3cc000e3-b251-41fc-8e24-fafe475e8e58","actor_username":"ryanj.kelley@icloud.com","actor_via_sso":false,"log_type":"account"}', '2025-09-14 21:11:30.762155+00', ''),
	('00000000-0000-0000-0000-000000000000', '9fdb52bb-b440-41bb-8b43-1a3d399c92a2', '{"action":"login","actor_id":"3cc000e3-b251-41fc-8e24-fafe475e8e58","actor_username":"ryanj.kelley@icloud.com","actor_via_sso":false,"log_type":"account","traits":{"provider":"email"}}', '2025-09-14 21:11:41.182226+00', ''),
	('00000000-0000-0000-0000-000000000000', '40b44df6-1561-4d5a-bd69-c1970c4896fb', '{"action":"logout","actor_id":"3cc000e3-b251-41fc-8e24-fafe475e8e58","actor_username":"ryanj.kelley@icloud.com","actor_via_sso":false,"log_type":"account"}', '2025-09-14 21:12:05.257347+00', ''),
	('00000000-0000-0000-0000-000000000000', 'f6475e02-0171-442e-9738-fde8fa5070b1', '{"action":"login","actor_id":"3cc000e3-b251-41fc-8e24-fafe475e8e58","actor_username":"ryanj.kelley@icloud.com","actor_via_sso":false,"log_type":"account","traits":{"provider":"email"}}', '2025-09-14 21:12:13.588701+00', ''),
	('00000000-0000-0000-0000-000000000000', 'e6d85eba-28f5-431f-ad70-31de11b31ba6', '{"action":"login","actor_id":"3cc000e3-b251-41fc-8e24-fafe475e8e58","actor_username":"ryanj.kelley@icloud.com","actor_via_sso":false,"log_type":"account","traits":{"provider":"email"}}', '2025-09-14 21:14:59.936073+00', ''),
	('00000000-0000-0000-0000-000000000000', '8dc9419b-9eff-4cf6-b1ce-24254ce98576', '{"action":"logout","actor_id":"3cc000e3-b251-41fc-8e24-fafe475e8e58","actor_username":"ryanj.kelley@icloud.com","actor_via_sso":false,"log_type":"account"}', '2025-09-14 21:30:27.9973+00', ''),
	('00000000-0000-0000-0000-000000000000', '91f6bf66-1a9e-45b3-9903-075dc60234a9', '{"action":"login","actor_id":"3cc000e3-b251-41fc-8e24-fafe475e8e58","actor_username":"ryanj.kelley@icloud.com","actor_via_sso":false,"log_type":"account","traits":{"provider":"email"}}', '2025-09-14 21:30:39.52098+00', ''),
	('00000000-0000-0000-0000-000000000000', '9045fed4-3287-4f36-a6c0-e474adea8266', '{"action":"logout","actor_id":"3cc000e3-b251-41fc-8e24-fafe475e8e58","actor_username":"ryanj.kelley@icloud.com","actor_via_sso":false,"log_type":"account"}', '2025-09-14 22:25:45.87264+00', ''),
	('00000000-0000-0000-0000-000000000000', '423aff02-301d-4ea1-8492-7f03e139559b', '{"action":"login","actor_id":"3cc000e3-b251-41fc-8e24-fafe475e8e58","actor_username":"ryanj.kelley@icloud.com","actor_via_sso":false,"log_type":"account","traits":{"provider":"email"}}', '2025-09-14 22:28:08.869399+00', ''),
	('00000000-0000-0000-0000-000000000000', '59c7133e-ad98-41f5-857b-83bb502c5221', '{"action":"user_modified","actor_id":"00000000-0000-0000-0000-000000000000","actor_username":"service_role","actor_via_sso":false,"log_type":"user","traits":{"user_email":"ryanj.kelley@icloud.com","user_id":"3cc000e3-b251-41fc-8e24-fafe475e8e58","user_phone":""}}', '2025-09-14 23:17:44.726437+00', ''),
	('00000000-0000-0000-0000-000000000000', '88191bca-c109-4dc4-ba08-96840b6ce0d8', '{"action":"user_modified","actor_id":"00000000-0000-0000-0000-000000000000","actor_username":"service_role","actor_via_sso":false,"log_type":"user","traits":{"user_email":"ryanj.kelley@icloud.com","user_id":"3cc000e3-b251-41fc-8e24-fafe475e8e58","user_phone":""}}', '2025-09-14 23:17:48.704997+00', ''),
	('00000000-0000-0000-0000-000000000000', 'edbe0d5d-bd6f-446b-974f-694593ce7285', '{"action":"login","actor_id":"3cc000e3-b251-41fc-8e24-fafe475e8e58","actor_username":"ryanj.kelley@icloud.com","actor_via_sso":false,"log_type":"account","traits":{"provider":"email"}}', '2025-09-14 23:18:29.468514+00', ''),
	('00000000-0000-0000-0000-000000000000', 'c8e47a97-b91a-498c-8ba7-41aa04cb204d', '{"action":"token_refreshed","actor_id":"3cc000e3-b251-41fc-8e24-fafe475e8e58","actor_username":"ryanj.kelley@icloud.com","actor_via_sso":false,"log_type":"token"}', '2025-09-14 23:28:21.7187+00', ''),
	('00000000-0000-0000-0000-000000000000', '41ba41b8-e935-42e0-8a35-c4a24936bc38', '{"action":"token_revoked","actor_id":"3cc000e3-b251-41fc-8e24-fafe475e8e58","actor_username":"ryanj.kelley@icloud.com","actor_via_sso":false,"log_type":"token"}', '2025-09-14 23:28:21.735603+00', ''),
	('00000000-0000-0000-0000-000000000000', '843630d2-45f9-412c-8090-e93ea0f2e0e4', '{"action":"user_modified","actor_id":"00000000-0000-0000-0000-000000000000","actor_username":"service_role","actor_via_sso":false,"log_type":"user","traits":{"user_email":"ryanj.kelley@icloud.com","user_id":"3cc000e3-b251-41fc-8e24-fafe475e8e58","user_phone":""}}', '2025-09-14 23:33:10.99698+00', ''),
	('00000000-0000-0000-0000-000000000000', '2c3b1305-3986-47c9-af71-ca199e176ad7', '{"action":"user_modified","actor_id":"00000000-0000-0000-0000-000000000000","actor_username":"service_role","actor_via_sso":false,"log_type":"user","traits":{"user_email":"ryanj.kelley@icloud.com","user_id":"3cc000e3-b251-41fc-8e24-fafe475e8e58","user_phone":""}}', '2025-09-14 23:42:12.057697+00', ''),
	('00000000-0000-0000-0000-000000000000', 'a4600335-4348-4f85-99a5-7a5940565f14', '{"action":"logout","actor_id":"3cc000e3-b251-41fc-8e24-fafe475e8e58","actor_username":"ryanj.kelley@icloud.com","actor_via_sso":false,"log_type":"account"}', '2025-09-14 23:56:04.766561+00', ''),
	('00000000-0000-0000-0000-000000000000', '5ad8d42e-6cdf-4e38-ba4f-aaf45f8ceb42', '{"action":"login","actor_id":"2af97f51-4519-489e-9e95-ce45d6eefb8d","actor_username":"ryan@ryankelleydesign.com","actor_via_sso":false,"log_type":"account","traits":{"provider":"email"}}', '2025-09-14 23:56:25.188029+00', ''),
	('00000000-0000-0000-0000-000000000000', 'f44b29f1-d80f-4860-8651-de7a3e6e4ed9', '{"action":"logout","actor_id":"2af97f51-4519-489e-9e95-ce45d6eefb8d","actor_username":"ryan@ryankelleydesign.com","actor_via_sso":false,"log_type":"account"}', '2025-09-14 23:57:09.474332+00', ''),
	('00000000-0000-0000-0000-000000000000', '3ab748c7-b7bf-45d3-a0bb-fbdc6c933415', '{"action":"login","actor_id":"3cc000e3-b251-41fc-8e24-fafe475e8e58","actor_username":"ryanj.kelley@icloud.com","actor_via_sso":false,"log_type":"account","traits":{"provider":"email"}}', '2025-09-14 23:57:15.411909+00', ''),
	('00000000-0000-0000-0000-000000000000', 'd4b99321-9210-429f-8221-a068aaa65152', '{"action":"logout","actor_id":"3cc000e3-b251-41fc-8e24-fafe475e8e58","actor_username":"ryanj.kelley@icloud.com","actor_via_sso":false,"log_type":"account"}', '2025-09-15 00:10:38.859713+00', ''),
	('00000000-0000-0000-0000-000000000000', 'd035108c-7499-4537-9573-40e5e49f924f', '{"action":"login","actor_id":"2af97f51-4519-489e-9e95-ce45d6eefb8d","actor_username":"ryan@ryankelleydesign.com","actor_via_sso":false,"log_type":"account","traits":{"provider":"email"}}', '2025-09-15 00:10:59.259275+00', ''),
	('00000000-0000-0000-0000-000000000000', '41533be3-63c0-4cfd-93e3-fd7dfdd98362', '{"action":"token_refreshed","actor_id":"2af97f51-4519-489e-9e95-ce45d6eefb8d","actor_username":"ryan@ryankelleydesign.com","actor_via_sso":false,"log_type":"token"}', '2025-09-15 01:11:57.31051+00', ''),
	('00000000-0000-0000-0000-000000000000', 'b3c33a9e-7393-4e09-96d8-f879527292d3', '{"action":"token_revoked","actor_id":"2af97f51-4519-489e-9e95-ce45d6eefb8d","actor_username":"ryan@ryankelleydesign.com","actor_via_sso":false,"log_type":"token"}', '2025-09-15 01:11:57.330275+00', ''),
	('00000000-0000-0000-0000-000000000000', 'c60cab38-801f-4042-b8cb-edbbbfc1df29', '{"action":"logout","actor_id":"2af97f51-4519-489e-9e95-ce45d6eefb8d","actor_username":"ryan@ryankelleydesign.com","actor_via_sso":false,"log_type":"account"}', '2025-09-15 01:19:26.873418+00', ''),
	('00000000-0000-0000-0000-000000000000', '8e2a1c36-b680-4e55-ae70-b6b0dd841594', '{"action":"login","actor_id":"2af97f51-4519-489e-9e95-ce45d6eefb8d","actor_username":"ryan@ryankelleydesign.com","actor_via_sso":false,"log_type":"account","traits":{"provider":"email"}}', '2025-09-15 01:19:42.436071+00', ''),
	('00000000-0000-0000-0000-000000000000', 'd62c6c48-30d5-43fd-8de6-248f06d9357a', '{"action":"logout","actor_id":"2af97f51-4519-489e-9e95-ce45d6eefb8d","actor_username":"ryan@ryankelleydesign.com","actor_via_sso":false,"log_type":"account"}', '2025-09-15 01:20:11.904564+00', ''),
	('00000000-0000-0000-0000-000000000000', 'c1b34989-33d3-4463-8a23-1dc12022d624', '{"action":"login","actor_id":"3cc000e3-b251-41fc-8e24-fafe475e8e58","actor_username":"ryanj.kelley@icloud.com","actor_via_sso":false,"log_type":"account","traits":{"provider":"email"}}', '2025-09-15 01:20:15.818266+00', ''),
	('00000000-0000-0000-0000-000000000000', '80aeb7d3-e01d-49a0-aae4-ce8b3e55de08', '{"action":"logout","actor_id":"3cc000e3-b251-41fc-8e24-fafe475e8e58","actor_username":"ryanj.kelley@icloud.com","actor_via_sso":false,"log_type":"account"}', '2025-09-15 01:20:42.437107+00', ''),
	('00000000-0000-0000-0000-000000000000', '93db74fa-ba3e-4500-a632-3e798c61b39a', '{"action":"login","actor_id":"2af97f51-4519-489e-9e95-ce45d6eefb8d","actor_username":"ryan@ryankelleydesign.com","actor_via_sso":false,"log_type":"account","traits":{"provider":"email"}}', '2025-09-15 01:20:57.129792+00', ''),
	('00000000-0000-0000-0000-000000000000', '7292293b-ec05-4036-a05e-5c30c9f424ae', '{"action":"logout","actor_id":"2af97f51-4519-489e-9e95-ce45d6eefb8d","actor_username":"ryan@ryankelleydesign.com","actor_via_sso":false,"log_type":"account"}', '2025-09-15 01:22:03.76433+00', ''),
	('00000000-0000-0000-0000-000000000000', '8bded0f4-d511-44c8-9a05-34101483ab01', '{"action":"login","actor_id":"3cc000e3-b251-41fc-8e24-fafe475e8e58","actor_username":"ryanj.kelley@icloud.com","actor_via_sso":false,"log_type":"account","traits":{"provider":"email"}}', '2025-09-15 01:22:09.181493+00', ''),
	('00000000-0000-0000-0000-000000000000', '696fbc7e-2bcc-4ab6-9282-c0be2aea1138', '{"action":"token_refreshed","actor_id":"3cc000e3-b251-41fc-8e24-fafe475e8e58","actor_username":"ryanj.kelley@icloud.com","actor_via_sso":false,"log_type":"token"}', '2025-09-15 02:30:44.669635+00', ''),
	('00000000-0000-0000-0000-000000000000', 'c4c5d82c-fc3d-4dfc-9fee-1ac475df7ee4', '{"action":"token_revoked","actor_id":"3cc000e3-b251-41fc-8e24-fafe475e8e58","actor_username":"ryanj.kelley@icloud.com","actor_via_sso":false,"log_type":"token"}', '2025-09-15 02:30:44.69378+00', ''),
	('00000000-0000-0000-0000-000000000000', '914c5d4b-d60f-47a5-ace5-08369af8e1fe', '{"action":"logout","actor_id":"3cc000e3-b251-41fc-8e24-fafe475e8e58","actor_username":"ryanj.kelley@icloud.com","actor_via_sso":false,"log_type":"account"}', '2025-09-15 02:31:22.65766+00', ''),
	('00000000-0000-0000-0000-000000000000', '591976bf-1545-4965-89be-c19a20c3ea07', '{"action":"login","actor_id":"2af97f51-4519-489e-9e95-ce45d6eefb8d","actor_username":"ryan@ryankelleydesign.com","actor_via_sso":false,"log_type":"account","traits":{"provider":"email"}}', '2025-09-15 02:31:36.970291+00', ''),
	('00000000-0000-0000-0000-000000000000', '6428c72a-074f-4e06-9f38-720aa92ebc6a', '{"action":"token_refreshed","actor_id":"2af97f51-4519-489e-9e95-ce45d6eefb8d","actor_username":"ryan@ryankelleydesign.com","actor_via_sso":false,"log_type":"token"}', '2025-09-15 03:30:22.326781+00', ''),
	('00000000-0000-0000-0000-000000000000', '9350185e-7792-4774-b8dc-bce47983e4a6', '{"action":"token_revoked","actor_id":"2af97f51-4519-489e-9e95-ce45d6eefb8d","actor_username":"ryan@ryankelleydesign.com","actor_via_sso":false,"log_type":"token"}', '2025-09-15 03:30:22.341024+00', ''),
	('00000000-0000-0000-0000-000000000000', '6e9aa0b8-4800-4e4a-a449-d138e456f613', '{"action":"token_refreshed","actor_id":"2af97f51-4519-489e-9e95-ce45d6eefb8d","actor_username":"ryan@ryankelleydesign.com","actor_via_sso":false,"log_type":"token"}', '2025-09-15 16:21:14.798537+00', ''),
	('00000000-0000-0000-0000-000000000000', '595587c1-3660-46a3-9e1d-e5406d1df8af', '{"action":"token_revoked","actor_id":"2af97f51-4519-489e-9e95-ce45d6eefb8d","actor_username":"ryan@ryankelleydesign.com","actor_via_sso":false,"log_type":"token"}', '2025-09-15 16:21:14.821936+00', ''),
	('00000000-0000-0000-0000-000000000000', '0ed2bac3-7818-419f-8ab0-5e959790c50e', '{"action":"token_refreshed","actor_id":"2af97f51-4519-489e-9e95-ce45d6eefb8d","actor_username":"ryan@ryankelleydesign.com","actor_via_sso":false,"log_type":"token"}', '2025-09-15 17:20:35.926172+00', ''),
	('00000000-0000-0000-0000-000000000000', '66979c7e-0f3c-4b59-a5a6-a390a990e9ac', '{"action":"token_revoked","actor_id":"2af97f51-4519-489e-9e95-ce45d6eefb8d","actor_username":"ryan@ryankelleydesign.com","actor_via_sso":false,"log_type":"token"}', '2025-09-15 17:20:35.939091+00', ''),
	('00000000-0000-0000-0000-000000000000', '838ed878-b87a-4866-85dc-28206dfa2264', '{"action":"token_refreshed","actor_id":"2af97f51-4519-489e-9e95-ce45d6eefb8d","actor_username":"ryan@ryankelleydesign.com","actor_via_sso":false,"log_type":"token"}', '2025-09-15 17:20:35.986564+00', ''),
	('00000000-0000-0000-0000-000000000000', '004679e9-7235-418a-a14a-f331d4a89139', '{"action":"token_refreshed","actor_id":"2af97f51-4519-489e-9e95-ce45d6eefb8d","actor_username":"ryan@ryankelleydesign.com","actor_via_sso":false,"log_type":"token"}', '2025-09-15 18:37:01.742113+00', ''),
	('00000000-0000-0000-0000-000000000000', '5eb13c75-f2b8-4ab5-ab02-57c8fe1eeee7', '{"action":"token_revoked","actor_id":"2af97f51-4519-489e-9e95-ce45d6eefb8d","actor_username":"ryan@ryankelleydesign.com","actor_via_sso":false,"log_type":"token"}', '2025-09-15 18:37:01.761131+00', ''),
	('00000000-0000-0000-0000-000000000000', 'fa064b85-dfc9-401a-b688-eb74e52a094b', '{"action":"token_refreshed","actor_id":"2af97f51-4519-489e-9e95-ce45d6eefb8d","actor_username":"ryan@ryankelleydesign.com","actor_via_sso":false,"log_type":"token"}', '2025-09-15 19:55:31.959635+00', ''),
	('00000000-0000-0000-0000-000000000000', '47168883-0f92-4a71-af41-c52c5aa60c27', '{"action":"token_revoked","actor_id":"2af97f51-4519-489e-9e95-ce45d6eefb8d","actor_username":"ryan@ryankelleydesign.com","actor_via_sso":false,"log_type":"token"}', '2025-09-15 19:55:31.976877+00', ''),
	('00000000-0000-0000-0000-000000000000', 'b48b2731-6f38-4f6e-bbf9-6b0481a89d88', '{"action":"logout","actor_id":"2af97f51-4519-489e-9e95-ce45d6eefb8d","actor_username":"ryan@ryankelleydesign.com","actor_via_sso":false,"log_type":"account"}', '2025-09-15 20:25:39.731742+00', ''),
	('00000000-0000-0000-0000-000000000000', 'cd576c4d-aada-430c-ba61-4d82e6e406a4', '{"action":"login","actor_id":"2af97f51-4519-489e-9e95-ce45d6eefb8d","actor_username":"ryan@ryankelleydesign.com","actor_via_sso":false,"log_type":"account","traits":{"provider":"email"}}', '2025-09-15 20:25:56.469843+00', ''),
	('00000000-0000-0000-0000-000000000000', '3b9ca8c9-9a35-45a9-936e-4c94aedd9a13', '{"action":"logout","actor_id":"2af97f51-4519-489e-9e95-ce45d6eefb8d","actor_username":"ryan@ryankelleydesign.com","actor_via_sso":false,"log_type":"account"}', '2025-09-15 20:26:10.614705+00', ''),
	('00000000-0000-0000-0000-000000000000', '905a1189-d4ec-4f7b-8340-8780fb2cea54', '{"action":"login","actor_id":"3cc000e3-b251-41fc-8e24-fafe475e8e58","actor_username":"ryanj.kelley@icloud.com","actor_via_sso":false,"log_type":"account","traits":{"provider":"email"}}', '2025-09-15 20:26:13.923228+00', ''),
	('00000000-0000-0000-0000-000000000000', '4ccd9302-89e1-46a0-ac6b-3f208b657941', '{"action":"logout","actor_id":"3cc000e3-b251-41fc-8e24-fafe475e8e58","actor_username":"ryanj.kelley@icloud.com","actor_via_sso":false,"log_type":"account"}', '2025-09-15 20:28:16.206658+00', ''),
	('00000000-0000-0000-0000-000000000000', '00b33450-1ef5-481f-92b7-53a4a520acdf', '{"action":"login","actor_id":"2af97f51-4519-489e-9e95-ce45d6eefb8d","actor_username":"ryan@ryankelleydesign.com","actor_via_sso":false,"log_type":"account","traits":{"provider":"email"}}', '2025-09-15 20:28:29.565988+00', ''),
	('00000000-0000-0000-0000-000000000000', 'cdd00364-cab6-430c-bfd7-52c21578fd75', '{"action":"logout","actor_id":"2af97f51-4519-489e-9e95-ce45d6eefb8d","actor_username":"ryan@ryankelleydesign.com","actor_via_sso":false,"log_type":"account"}', '2025-09-15 20:29:35.49966+00', ''),
	('00000000-0000-0000-0000-000000000000', 'ac77c6e2-5ead-40c1-9ac1-22308a5c0292', '{"action":"login","actor_id":"3cc000e3-b251-41fc-8e24-fafe475e8e58","actor_username":"ryanj.kelley@icloud.com","actor_via_sso":false,"log_type":"account","traits":{"provider":"email"}}', '2025-09-15 20:29:38.077072+00', ''),
	('00000000-0000-0000-0000-000000000000', 'd1c6d25d-5051-4a13-84bf-218289141276', '{"action":"logout","actor_id":"3cc000e3-b251-41fc-8e24-fafe475e8e58","actor_username":"ryanj.kelley@icloud.com","actor_via_sso":false,"log_type":"account"}', '2025-09-15 20:33:00.085216+00', ''),
	('00000000-0000-0000-0000-000000000000', 'cfb44f45-00fd-4a47-8252-2f1d54ee9654', '{"action":"login","actor_id":"2af97f51-4519-489e-9e95-ce45d6eefb8d","actor_username":"ryan@ryankelleydesign.com","actor_via_sso":false,"log_type":"account","traits":{"provider":"email"}}', '2025-09-15 20:33:15.274201+00', ''),
	('00000000-0000-0000-0000-000000000000', 'b09bfcc5-b9fd-443f-9081-b47b8f93d7b0', '{"action":"logout","actor_id":"2af97f51-4519-489e-9e95-ce45d6eefb8d","actor_username":"ryan@ryankelleydesign.com","actor_via_sso":false,"log_type":"account"}', '2025-09-15 20:33:49.765601+00', ''),
	('00000000-0000-0000-0000-000000000000', '39f5c6a7-05bd-46ed-838c-2be7b632aa8c', '{"action":"login","actor_id":"3cc000e3-b251-41fc-8e24-fafe475e8e58","actor_username":"ryanj.kelley@icloud.com","actor_via_sso":false,"log_type":"account","traits":{"provider":"email"}}', '2025-09-15 20:33:53.100899+00', ''),
	('00000000-0000-0000-0000-000000000000', 'e27018d8-7928-4590-8bc7-c0c68163d976', '{"action":"user_modified","actor_id":"00000000-0000-0000-0000-000000000000","actor_username":"service_role","actor_via_sso":false,"log_type":"user","traits":{"user_email":"ryanj.kelley@icloud.com","user_id":"3cc000e3-b251-41fc-8e24-fafe475e8e58","user_phone":""}}', '2025-09-15 20:38:01.080792+00', ''),
	('00000000-0000-0000-0000-000000000000', 'afd0de4f-0e86-4a88-9d1f-2b878ab0c5ae', '{"action":"user_modified","actor_id":"00000000-0000-0000-0000-000000000000","actor_username":"service_role","actor_via_sso":false,"log_type":"user","traits":{"user_email":"ryanj.kelley@icloud.com","user_id":"3cc000e3-b251-41fc-8e24-fafe475e8e58","user_phone":""}}', '2025-09-15 21:02:20.509056+00', ''),
	('00000000-0000-0000-0000-000000000000', '18a65bf6-c0b1-407a-aaca-19df253a12d0', '{"action":"logout","actor_id":"3cc000e3-b251-41fc-8e24-fafe475e8e58","actor_username":"ryanj.kelley@icloud.com","actor_via_sso":false,"log_type":"account"}', '2025-09-15 21:12:10.445708+00', ''),
	('00000000-0000-0000-0000-000000000000', '53e68486-2b66-4d1c-8fa4-ac9444a5809e', '{"action":"login","actor_id":"2af97f51-4519-489e-9e95-ce45d6eefb8d","actor_username":"ryan@ryankelleydesign.com","actor_via_sso":false,"log_type":"account","traits":{"provider":"email"}}', '2025-09-15 21:12:26.259957+00', ''),
	('00000000-0000-0000-0000-000000000000', '8aeaf284-3622-4c2e-b02f-d82ab4dacdbe', '{"action":"logout","actor_id":"2af97f51-4519-489e-9e95-ce45d6eefb8d","actor_username":"ryan@ryankelleydesign.com","actor_via_sso":false,"log_type":"account"}', '2025-09-15 21:12:42.242742+00', ''),
	('00000000-0000-0000-0000-000000000000', 'd7246d59-8b55-4aaa-8b2b-80513bb6d278', '{"action":"login","actor_id":"3cc000e3-b251-41fc-8e24-fafe475e8e58","actor_username":"ryanj.kelley@icloud.com","actor_via_sso":false,"log_type":"account","traits":{"provider":"email"}}', '2025-09-15 21:12:48.599812+00', ''),
	('00000000-0000-0000-0000-000000000000', 'd1ff4f2f-64b8-4951-95fd-9cb1e671ef11', '{"action":"user_modified","actor_id":"00000000-0000-0000-0000-000000000000","actor_username":"service_role","actor_via_sso":false,"log_type":"user","traits":{"user_email":"ryanj.kelley@icloud.com","user_id":"3cc000e3-b251-41fc-8e24-fafe475e8e58","user_phone":""}}', '2025-09-15 21:12:56.065646+00', ''),
	('00000000-0000-0000-0000-000000000000', 'ceb5dac1-0b4a-4bfd-ba9b-ab8a13f9dbd4', '{"action":"logout","actor_id":"3cc000e3-b251-41fc-8e24-fafe475e8e58","actor_username":"ryanj.kelley@icloud.com","actor_via_sso":false,"log_type":"account"}', '2025-09-15 21:13:19.477654+00', ''),
	('00000000-0000-0000-0000-000000000000', 'a0ccbdde-810c-4a98-985d-0f809248c4d4', '{"action":"login","actor_id":"2af97f51-4519-489e-9e95-ce45d6eefb8d","actor_username":"ryan@ryankelleydesign.com","actor_via_sso":false,"log_type":"account","traits":{"provider":"email"}}', '2025-09-15 21:13:35.831452+00', ''),
	('00000000-0000-0000-0000-000000000000', '7f10e09c-4341-4b6e-b45d-21a60857756c', '{"action":"logout","actor_id":"2af97f51-4519-489e-9e95-ce45d6eefb8d","actor_username":"ryan@ryankelleydesign.com","actor_via_sso":false,"log_type":"account"}', '2025-09-15 21:22:25.439165+00', ''),
	('00000000-0000-0000-0000-000000000000', 'fbf89d00-daa5-4920-a6d7-162f7810b99d', '{"action":"login","actor_id":"3cc000e3-b251-41fc-8e24-fafe475e8e58","actor_username":"ryanj.kelley@icloud.com","actor_via_sso":false,"log_type":"account","traits":{"provider":"email"}}', '2025-09-15 21:22:31.964884+00', ''),
	('00000000-0000-0000-0000-000000000000', '8bd82083-0cad-43e8-85ea-b8f1b486b5e9', '{"action":"user_modified","actor_id":"00000000-0000-0000-0000-000000000000","actor_username":"service_role","actor_via_sso":false,"log_type":"user","traits":{"user_email":"ryanj.kelley@icloud.com","user_id":"3cc000e3-b251-41fc-8e24-fafe475e8e58","user_phone":""}}', '2025-09-15 21:22:38.33904+00', ''),
	('00000000-0000-0000-0000-000000000000', 'c21617d0-6a2f-4872-807e-142d823075a8', '{"action":"user_modified","actor_id":"00000000-0000-0000-0000-000000000000","actor_username":"service_role","actor_via_sso":false,"log_type":"user","traits":{"user_email":"ryanj.kelley@icloud.com","user_id":"3cc000e3-b251-41fc-8e24-fafe475e8e58","user_phone":""}}', '2025-09-15 21:39:29.567652+00', ''),
	('00000000-0000-0000-0000-000000000000', '48d21473-f764-4f23-bb4e-3f940dd3df07', '{"action":"user_modified","actor_id":"00000000-0000-0000-0000-000000000000","actor_username":"service_role","actor_via_sso":false,"log_type":"user","traits":{"user_email":"ryanj.kelley@icloud.com","user_id":"3cc000e3-b251-41fc-8e24-fafe475e8e58","user_phone":""}}', '2025-09-15 21:39:44.076654+00', ''),
	('00000000-0000-0000-0000-000000000000', 'ab7fc165-b912-4089-af63-6f64a1b3f949', '{"action":"user_modified","actor_id":"00000000-0000-0000-0000-000000000000","actor_username":"service_role","actor_via_sso":false,"log_type":"user","traits":{"user_email":"ryanj.kelley@icloud.com","user_id":"3cc000e3-b251-41fc-8e24-fafe475e8e58","user_phone":""}}', '2025-09-15 21:41:29.327122+00', ''),
	('00000000-0000-0000-0000-000000000000', 'a8bc1796-e68a-45a6-bc6e-88376c05b9fe', '{"action":"token_refreshed","actor_id":"3cc000e3-b251-41fc-8e24-fafe475e8e58","actor_username":"ryanj.kelley@icloud.com","actor_via_sso":false,"log_type":"token"}', '2025-09-16 00:33:00.614096+00', ''),
	('00000000-0000-0000-0000-000000000000', 'a796512b-3ec5-4021-a7c8-18c406d791d4', '{"action":"token_revoked","actor_id":"3cc000e3-b251-41fc-8e24-fafe475e8e58","actor_username":"ryanj.kelley@icloud.com","actor_via_sso":false,"log_type":"token"}', '2025-09-16 00:33:00.638209+00', ''),
	('00000000-0000-0000-0000-000000000000', '9339ce24-6f44-43cb-adb1-b3d5c33afc53', '{"action":"login","actor_id":"3cc000e3-b251-41fc-8e24-fafe475e8e58","actor_username":"ryanj.kelley@icloud.com","actor_via_sso":false,"log_type":"account","traits":{"provider":"email"}}', '2025-09-16 00:33:06.323128+00', ''),
	('00000000-0000-0000-0000-000000000000', '27225462-edb0-4941-be54-6b435d2ccd0a', '{"action":"user_modified","actor_id":"00000000-0000-0000-0000-000000000000","actor_username":"service_role","actor_via_sso":false,"log_type":"user","traits":{"user_email":"ryanj.kelley@icloud.com","user_id":"3cc000e3-b251-41fc-8e24-fafe475e8e58","user_phone":""}}', '2025-09-16 00:35:05.307034+00', ''),
	('00000000-0000-0000-0000-000000000000', 'b7842582-0d6a-4352-918c-afa10d07e3e3', '{"action":"token_refreshed","actor_id":"3cc000e3-b251-41fc-8e24-fafe475e8e58","actor_username":"ryanj.kelley@icloud.com","actor_via_sso":false,"log_type":"token"}', '2025-09-16 02:01:02.929526+00', ''),
	('00000000-0000-0000-0000-000000000000', 'c6a73002-4dd9-47c8-8dbc-f581a5a5e641', '{"action":"token_revoked","actor_id":"3cc000e3-b251-41fc-8e24-fafe475e8e58","actor_username":"ryanj.kelley@icloud.com","actor_via_sso":false,"log_type":"token"}', '2025-09-16 02:01:02.951503+00', ''),
	('00000000-0000-0000-0000-000000000000', 'f80a5fe0-432b-468a-bf2f-f5fb0b8cba98', '{"action":"login","actor_id":"3cc000e3-b251-41fc-8e24-fafe475e8e58","actor_username":"ryanj.kelley@icloud.com","actor_via_sso":false,"log_type":"account","traits":{"provider":"email"}}', '2025-09-16 03:07:28.952443+00', ''),
	('00000000-0000-0000-0000-000000000000', '0190854b-dc06-4e09-9355-bfff7c38906f', '{"action":"logout","actor_id":"3cc000e3-b251-41fc-8e24-fafe475e8e58","actor_username":"ryanj.kelley@icloud.com","actor_via_sso":false,"log_type":"account"}', '2025-09-16 03:07:38.511778+00', ''),
	('00000000-0000-0000-0000-000000000000', '2ff43a48-e3c3-4732-ad6d-973920ff3bf7', '{"action":"login","actor_id":"3cc000e3-b251-41fc-8e24-fafe475e8e58","actor_username":"ryanj.kelley@icloud.com","actor_via_sso":false,"log_type":"account","traits":{"provider":"email"}}', '2025-09-17 00:05:21.518646+00', ''),
	('00000000-0000-0000-0000-000000000000', 'e4aea48e-b8a3-47e8-ad59-e38287f09497', '{"action":"logout","actor_id":"3cc000e3-b251-41fc-8e24-fafe475e8e58","actor_username":"ryanj.kelley@icloud.com","actor_via_sso":false,"log_type":"account"}', '2025-09-17 00:05:25.601686+00', ''),
	('00000000-0000-0000-0000-000000000000', '67e4dffc-b592-4761-9907-05db1d6cc7ad', '{"action":"user_signedup","actor_id":"3dc7e20e-8608-4ef7-811d-c1368af81811","actor_username":"ryan@gmail.com","actor_via_sso":false,"log_type":"team","traits":{"provider":"email"}}', '2025-09-17 00:10:30.038106+00', ''),
	('00000000-0000-0000-0000-000000000000', '5f947070-36ac-4def-92a0-d15f8bc73c44', '{"action":"login","actor_id":"3dc7e20e-8608-4ef7-811d-c1368af81811","actor_username":"ryan@gmail.com","actor_via_sso":false,"log_type":"account","traits":{"provider":"email"}}', '2025-09-17 00:10:30.049203+00', ''),
	('00000000-0000-0000-0000-000000000000', '79234825-8814-42da-8eec-2c3239c5a948', '{"action":"logout","actor_id":"3dc7e20e-8608-4ef7-811d-c1368af81811","actor_username":"ryan@gmail.com","actor_via_sso":false,"log_type":"account"}', '2025-09-17 00:10:35.464493+00', ''),
	('00000000-0000-0000-0000-000000000000', 'd3face93-6cb4-4072-bdfa-e32346e17445', '{"action":"user_repeated_signup","actor_id":"3dc7e20e-8608-4ef7-811d-c1368af81811","actor_username":"ryan@gmail.com","actor_via_sso":false,"log_type":"user","traits":{"provider":"email"}}', '2025-09-17 00:24:53.77135+00', ''),
	('00000000-0000-0000-0000-000000000000', '3a5a3a12-4321-4f66-8f3e-b728151e08ae', '{"action":"user_deleted","actor_id":"00000000-0000-0000-0000-000000000000","actor_username":"service_role","actor_via_sso":false,"log_type":"team","traits":{"user_email":"ryan@gmail.com","user_id":"3dc7e20e-8608-4ef7-811d-c1368af81811","user_phone":""}}', '2025-09-17 00:28:57.524929+00', ''),
	('00000000-0000-0000-0000-000000000000', 'eca37d82-6e7b-4831-9866-013cfdbb24c2', '{"action":"user_signedup","actor_id":"c17aad0c-43f9-4acd-86b8-db70bb2de5bd","actor_name":"example patient","actor_username":"ryan@gmail.com","actor_via_sso":false,"log_type":"team","traits":{"provider":"email"}}', '2025-09-17 00:29:14.479681+00', ''),
	('00000000-0000-0000-0000-000000000000', 'deca25c7-f3a2-4bd2-8c15-968053019f90', '{"action":"login","actor_id":"c17aad0c-43f9-4acd-86b8-db70bb2de5bd","actor_name":"example patient","actor_username":"ryan@gmail.com","actor_via_sso":false,"log_type":"account","traits":{"provider":"email"}}', '2025-09-17 00:29:14.483283+00', ''),
	('00000000-0000-0000-0000-000000000000', 'afbb9564-eeaa-4d7c-86b8-44419040ab16', '{"action":"logout","actor_id":"c17aad0c-43f9-4acd-86b8-db70bb2de5bd","actor_name":"example patient","actor_username":"ryan@gmail.com","actor_via_sso":false,"log_type":"account"}', '2025-09-17 00:32:06.518944+00', ''),
	('00000000-0000-0000-0000-000000000000', 'cc481260-3b08-4f71-a09b-e2c5a6456f4c', '{"action":"user_deleted","actor_id":"00000000-0000-0000-0000-000000000000","actor_username":"service_role","actor_via_sso":false,"log_type":"team","traits":{"user_email":"ryan@gmail.com","user_id":"c17aad0c-43f9-4acd-86b8-db70bb2de5bd","user_phone":""}}', '2025-09-17 00:33:34.76226+00', ''),
	('00000000-0000-0000-0000-000000000000', 'de7bc4b5-f1ee-447a-8a78-6aa5936f6f07', '{"action":"user_signedup","actor_id":"2db073a0-a9b0-475f-820f-012e110c9680","actor_name":"example patient","actor_username":"ryan@gmail.com","actor_via_sso":false,"log_type":"team","traits":{"provider":"email"}}', '2025-09-17 00:34:00.408331+00', ''),
	('00000000-0000-0000-0000-000000000000', '22d775d5-7a65-4ac8-af1f-5b1edcbe5e9c', '{"action":"login","actor_id":"2db073a0-a9b0-475f-820f-012e110c9680","actor_name":"example patient","actor_username":"ryan@gmail.com","actor_via_sso":false,"log_type":"account","traits":{"provider":"email"}}', '2025-09-17 00:34:00.41506+00', ''),
	('00000000-0000-0000-0000-000000000000', '9565aa1d-9a39-4957-a745-132a25674921', '{"action":"token_refreshed","actor_id":"2db073a0-a9b0-475f-820f-012e110c9680","actor_name":"example patient","actor_username":"ryan@gmail.com","actor_via_sso":false,"log_type":"token"}', '2025-09-17 01:55:54.03828+00', ''),
	('00000000-0000-0000-0000-000000000000', '74e2cbcf-3858-4b6c-930f-55ae967ef529', '{"action":"token_revoked","actor_id":"2db073a0-a9b0-475f-820f-012e110c9680","actor_name":"example patient","actor_username":"ryan@gmail.com","actor_via_sso":false,"log_type":"token"}', '2025-09-17 01:55:54.064797+00', ''),
	('00000000-0000-0000-0000-000000000000', '5290f5e4-777e-4c9d-bcae-4c3fafdc63e5', '{"action":"logout","actor_id":"2db073a0-a9b0-475f-820f-012e110c9680","actor_name":"example patient","actor_username":"ryan@gmail.com","actor_via_sso":false,"log_type":"account"}', '2025-09-17 01:55:54.960186+00', ''),
	('00000000-0000-0000-0000-000000000000', 'f7d382ff-a3b6-497d-8eff-92767bff5f19', '{"action":"user_deleted","actor_id":"00000000-0000-0000-0000-000000000000","actor_username":"service_role","actor_via_sso":false,"log_type":"team","traits":{"user_email":"ryan@gmail.com","user_id":"2db073a0-a9b0-475f-820f-012e110c9680","user_phone":""}}', '2025-09-17 02:14:32.804601+00', ''),
	('00000000-0000-0000-0000-000000000000', '14514c69-406c-469a-bf83-c7383d9945f8', '{"action":"user_signedup","actor_id":"e9a752e4-8384-4667-bf80-594fe43e3cbd","actor_name":"example patient","actor_username":"ryan@gmail.com","actor_via_sso":false,"log_type":"team","traits":{"provider":"email"}}', '2025-09-17 02:15:14.840001+00', ''),
	('00000000-0000-0000-0000-000000000000', 'bd505fb7-b59a-4f3f-b6fe-5ec46c9fad35', '{"action":"login","actor_id":"e9a752e4-8384-4667-bf80-594fe43e3cbd","actor_name":"example patient","actor_username":"ryan@gmail.com","actor_via_sso":false,"log_type":"account","traits":{"provider":"email"}}', '2025-09-17 02:15:14.845614+00', ''),
	('00000000-0000-0000-0000-000000000000', 'dacb0198-c53c-4c75-9a66-e6e5be9b6ff5', '{"action":"logout","actor_id":"e9a752e4-8384-4667-bf80-594fe43e3cbd","actor_name":"example patient","actor_username":"ryan@gmail.com","actor_via_sso":false,"log_type":"account"}', '2025-09-17 02:15:30.394166+00', ''),
	('00000000-0000-0000-0000-000000000000', '80224baa-347d-446c-bd54-67e9357de511', '{"action":"login","actor_id":"e9a752e4-8384-4667-bf80-594fe43e3cbd","actor_name":"example patient","actor_username":"ryan@gmail.com","actor_via_sso":false,"log_type":"account","traits":{"provider":"email"}}', '2025-09-17 02:16:13.506251+00', ''),
	('00000000-0000-0000-0000-000000000000', 'a756bb42-a3dd-43c0-8506-784e60436fba', '{"action":"logout","actor_id":"e9a752e4-8384-4667-bf80-594fe43e3cbd","actor_name":"example patient","actor_username":"ryan@gmail.com","actor_via_sso":false,"log_type":"account"}', '2025-09-17 02:16:15.036233+00', ''),
	('00000000-0000-0000-0000-000000000000', '6b645e91-b682-4afd-853a-a84f591e4ad8', '{"action":"login","actor_id":"e9a752e4-8384-4667-bf80-594fe43e3cbd","actor_name":"example patient","actor_username":"ryan@gmail.com","actor_via_sso":false,"log_type":"account","traits":{"provider":"email"}}', '2025-09-17 03:11:39.388961+00', ''),
	('00000000-0000-0000-0000-000000000000', '3f29d5c4-0862-498a-ae43-57f1d0a9ab8c', '{"action":"logout","actor_id":"e9a752e4-8384-4667-bf80-594fe43e3cbd","actor_name":"example patient","actor_username":"ryan@gmail.com","actor_via_sso":false,"log_type":"account"}', '2025-09-17 03:11:42.867922+00', ''),
	('00000000-0000-0000-0000-000000000000', '611fdc0c-b860-4b7b-b477-cdf18d59efed', '{"action":"login","actor_id":"3cc000e3-b251-41fc-8e24-fafe475e8e58","actor_username":"ryanj.kelley@icloud.com","actor_via_sso":false,"log_type":"account","traits":{"provider":"email"}}', '2025-09-17 03:13:27.836319+00', ''),
	('00000000-0000-0000-0000-000000000000', 'a7c96878-d7c6-4d40-b372-4310229739cb', '{"action":"user_modified","actor_id":"00000000-0000-0000-0000-000000000000","actor_username":"service_role","actor_via_sso":false,"log_type":"user","traits":{"user_email":"ryanj.kelley@icloud.com","user_id":"3cc000e3-b251-41fc-8e24-fafe475e8e58","user_phone":""}}', '2025-09-17 03:14:04.319266+00', ''),
	('00000000-0000-0000-0000-000000000000', 'e0a38f17-8afe-46b4-85e6-a514fdf39577', '{"action":"login","actor_id":"e9a752e4-8384-4667-bf80-594fe43e3cbd","actor_name":"example patient","actor_username":"ryan@gmail.com","actor_via_sso":false,"log_type":"account","traits":{"provider":"email"}}', '2025-09-17 04:31:36.716391+00', ''),
	('00000000-0000-0000-0000-000000000000', '92b3571e-62a5-4b29-a333-18324699aa54', '{"action":"logout","actor_id":"e9a752e4-8384-4667-bf80-594fe43e3cbd","actor_name":"example patient","actor_username":"ryan@gmail.com","actor_via_sso":false,"log_type":"account"}', '2025-09-17 04:31:38.586877+00', ''),
	('00000000-0000-0000-0000-000000000000', 'c3cded5e-757a-4d7f-a7f3-c80d30395ed8', '{"action":"login","actor_id":"3cc000e3-b251-41fc-8e24-fafe475e8e58","actor_username":"ryanj.kelley@icloud.com","actor_via_sso":false,"log_type":"account","traits":{"provider":"email"}}', '2025-09-17 23:54:51.932512+00', ''),
	('00000000-0000-0000-0000-000000000000', 'bdec22fd-7526-48dc-8f14-9d5e22d2ba64', '{"action":"logout","actor_id":"3cc000e3-b251-41fc-8e24-fafe475e8e58","actor_username":"ryanj.kelley@icloud.com","actor_via_sso":false,"log_type":"account"}', '2025-09-17 23:55:01.419098+00', ''),
	('00000000-0000-0000-0000-000000000000', '42b30aaf-165e-4682-88c8-8cebb8164238', '{"action":"login","actor_id":"3cc000e3-b251-41fc-8e24-fafe475e8e58","actor_username":"ryanj.kelley@icloud.com","actor_via_sso":false,"log_type":"account","traits":{"provider":"email"}}', '2025-09-18 01:15:11.859652+00', ''),
	('00000000-0000-0000-0000-000000000000', 'd4c0d35d-7a61-452a-b130-582e4202c319', '{"action":"logout","actor_id":"3cc000e3-b251-41fc-8e24-fafe475e8e58","actor_username":"ryanj.kelley@icloud.com","actor_via_sso":false,"log_type":"account"}', '2025-09-18 01:15:16.503771+00', ''),
	('00000000-0000-0000-0000-000000000000', 'dade22e9-da6e-4850-8c65-44e6eb94fe0d', '{"action":"login","actor_id":"3cc000e3-b251-41fc-8e24-fafe475e8e58","actor_username":"ryanj.kelley@icloud.com","actor_via_sso":false,"log_type":"account","traits":{"provider":"email"}}', '2025-09-18 01:21:09.563919+00', ''),
	('00000000-0000-0000-0000-000000000000', '1a64f098-e68a-4d2a-88ea-5309b4490b79', '{"action":"logout","actor_id":"3cc000e3-b251-41fc-8e24-fafe475e8e58","actor_username":"ryanj.kelley@icloud.com","actor_via_sso":false,"log_type":"account"}', '2025-09-18 01:21:10.503802+00', ''),
	('00000000-0000-0000-0000-000000000000', '76ca2812-c7f6-466d-a701-7ee94176a8c6', '{"action":"login","actor_id":"3cc000e3-b251-41fc-8e24-fafe475e8e58","actor_username":"ryanj.kelley@icloud.com","actor_via_sso":false,"log_type":"account","traits":{"provider":"email"}}', '2025-09-18 01:39:29.824818+00', ''),
	('00000000-0000-0000-0000-000000000000', 'acdd7101-efe3-44d1-bd9b-38f7a71ef439', '{"action":"logout","actor_id":"3cc000e3-b251-41fc-8e24-fafe475e8e58","actor_username":"ryanj.kelley@icloud.com","actor_via_sso":false,"log_type":"account"}', '2025-09-18 01:39:44.519688+00', ''),
	('00000000-0000-0000-0000-000000000000', '98703fc1-962d-48ff-9a87-3d137bb59c70', '{"action":"login","actor_id":"3cc000e3-b251-41fc-8e24-fafe475e8e58","actor_username":"ryanj.kelley@icloud.com","actor_via_sso":false,"log_type":"account","traits":{"provider":"email"}}', '2025-09-18 01:39:47.83111+00', ''),
	('00000000-0000-0000-0000-000000000000', '9c7dfca9-98b9-4096-b0a8-b13a3a64da61', '{"action":"logout","actor_id":"3cc000e3-b251-41fc-8e24-fafe475e8e58","actor_username":"ryanj.kelley@icloud.com","actor_via_sso":false,"log_type":"account"}', '2025-09-18 01:39:50.563468+00', ''),
	('00000000-0000-0000-0000-000000000000', 'e91ec7ae-6bd8-4eda-9649-6208488101ae', '{"action":"login","actor_id":"2af97f51-4519-489e-9e95-ce45d6eefb8d","actor_username":"ryan@ryankelleydesign.com","actor_via_sso":false,"log_type":"account","traits":{"provider":"email"}}', '2025-09-18 01:40:00.700605+00', ''),
	('00000000-0000-0000-0000-000000000000', '02c7b998-6c73-4592-b3a6-ff4e2c5788fd', '{"action":"logout","actor_id":"2af97f51-4519-489e-9e95-ce45d6eefb8d","actor_username":"ryan@ryankelleydesign.com","actor_via_sso":false,"log_type":"account"}', '2025-09-18 01:40:03.535983+00', ''),
	('00000000-0000-0000-0000-000000000000', 'c8498181-8d01-46c4-9c8a-e649d09498b9', '{"action":"login","actor_id":"3cc000e3-b251-41fc-8e24-fafe475e8e58","actor_username":"ryanj.kelley@icloud.com","actor_via_sso":false,"log_type":"account","traits":{"provider":"email"}}', '2025-09-18 05:50:29.682139+00', ''),
	('00000000-0000-0000-0000-000000000000', '3e0abbfd-bc86-422e-bcdb-1dbd3a2ffa81', '{"action":"logout","actor_id":"3cc000e3-b251-41fc-8e24-fafe475e8e58","actor_username":"ryanj.kelley@icloud.com","actor_via_sso":false,"log_type":"account"}', '2025-09-18 05:50:39.184105+00', ''),
	('00000000-0000-0000-0000-000000000000', '89d884a2-d290-4973-a29f-e7845efd051d', '{"action":"login","actor_id":"3cc000e3-b251-41fc-8e24-fafe475e8e58","actor_username":"ryanj.kelley@icloud.com","actor_via_sso":false,"log_type":"account","traits":{"provider":"email"}}', '2025-09-19 02:27:28.312114+00', ''),
	('00000000-0000-0000-0000-000000000000', 'a22a92ea-2718-42da-9d7c-d699a3c68745', '{"action":"logout","actor_id":"3cc000e3-b251-41fc-8e24-fafe475e8e58","actor_username":"ryanj.kelley@icloud.com","actor_via_sso":false,"log_type":"account"}', '2025-09-19 02:27:31.876755+00', ''),
	('00000000-0000-0000-0000-000000000000', '28047635-c7be-4a99-ae45-7a2a9775169d', '{"action":"login","actor_id":"3cc000e3-b251-41fc-8e24-fafe475e8e58","actor_username":"ryanj.kelley@icloud.com","actor_via_sso":false,"log_type":"account","traits":{"provider":"email"}}', '2025-09-19 02:27:35.521744+00', ''),
	('00000000-0000-0000-0000-000000000000', 'cc030c5d-cad9-4e1f-b27a-59e93f5c3124', '{"action":"logout","actor_id":"3cc000e3-b251-41fc-8e24-fafe475e8e58","actor_username":"ryanj.kelley@icloud.com","actor_via_sso":false,"log_type":"account"}', '2025-09-19 02:27:38.695813+00', ''),
	('00000000-0000-0000-0000-000000000000', '5239c890-50fd-45a1-bb91-ad68970f41c6', '{"action":"login","actor_id":"3cc000e3-b251-41fc-8e24-fafe475e8e58","actor_username":"ryanj.kelley@icloud.com","actor_via_sso":false,"log_type":"account","traits":{"provider":"email"}}', '2025-09-19 02:27:42.555802+00', ''),
	('00000000-0000-0000-0000-000000000000', '908ab9a3-043e-4c35-a382-ae5a396d286d', '{"action":"logout","actor_id":"3cc000e3-b251-41fc-8e24-fafe475e8e58","actor_username":"ryanj.kelley@icloud.com","actor_via_sso":false,"log_type":"account"}', '2025-09-19 02:27:43.447841+00', ''),
	('00000000-0000-0000-0000-000000000000', '83eaec06-3372-4d72-8682-4b35bf80d22a', '{"action":"login","actor_id":"3cc000e3-b251-41fc-8e24-fafe475e8e58","actor_username":"ryanj.kelley@icloud.com","actor_via_sso":false,"log_type":"account","traits":{"provider":"email"}}', '2025-09-19 02:58:09.893871+00', ''),
	('00000000-0000-0000-0000-000000000000', 'ac0de007-69d6-4e22-9cdd-af3d00422a93', '{"action":"logout","actor_id":"3cc000e3-b251-41fc-8e24-fafe475e8e58","actor_username":"ryanj.kelley@icloud.com","actor_via_sso":false,"log_type":"account"}', '2025-09-19 02:58:15.600009+00', ''),
	('00000000-0000-0000-0000-000000000000', '3f8d195a-1400-466e-8cca-b6d32d0abcda', '{"action":"login","actor_id":"3cc000e3-b251-41fc-8e24-fafe475e8e58","actor_username":"ryanj.kelley@icloud.com","actor_via_sso":false,"log_type":"account","traits":{"provider":"email"}}', '2025-09-19 03:36:22.752598+00', ''),
	('00000000-0000-0000-0000-000000000000', 'b3ca105a-0b8d-4a8d-84c3-5d5030dcf272', '{"action":"logout","actor_id":"3cc000e3-b251-41fc-8e24-fafe475e8e58","actor_username":"ryanj.kelley@icloud.com","actor_via_sso":false,"log_type":"account"}', '2025-09-19 03:36:28.664928+00', ''),
	('00000000-0000-0000-0000-000000000000', '206e3e24-3fc6-46ec-af8d-c4f1c3488d5f', '{"action":"login","actor_id":"3cc000e3-b251-41fc-8e24-fafe475e8e58","actor_username":"ryanj.kelley@icloud.com","actor_via_sso":false,"log_type":"account","traits":{"provider":"email"}}', '2025-09-19 03:36:31.185582+00', ''),
	('00000000-0000-0000-0000-000000000000', 'f24d4618-cb9d-4e83-8845-509b01299f09', '{"action":"logout","actor_id":"3cc000e3-b251-41fc-8e24-fafe475e8e58","actor_username":"ryanj.kelley@icloud.com","actor_via_sso":false,"log_type":"account"}', '2025-09-19 03:36:33.988335+00', ''),
	('00000000-0000-0000-0000-000000000000', 'e14b77c9-086a-4208-81d9-8a243b0d09b4', '{"action":"login","actor_id":"3cc000e3-b251-41fc-8e24-fafe475e8e58","actor_username":"ryanj.kelley@icloud.com","actor_via_sso":false,"log_type":"account","traits":{"provider":"email"}}', '2025-09-19 03:36:36.985506+00', ''),
	('00000000-0000-0000-0000-000000000000', '3fb99b60-1c0e-4c41-8ad8-12eea013dc77', '{"action":"logout","actor_id":"3cc000e3-b251-41fc-8e24-fafe475e8e58","actor_username":"ryanj.kelley@icloud.com","actor_via_sso":false,"log_type":"account"}', '2025-09-19 03:36:37.608918+00', ''),
	('00000000-0000-0000-0000-000000000000', '9d20f721-8f6b-4537-b902-bce2aa7b81de', '{"action":"login","actor_id":"3cc000e3-b251-41fc-8e24-fafe475e8e58","actor_username":"ryanj.kelley@icloud.com","actor_via_sso":false,"log_type":"account","traits":{"provider":"email"}}', '2025-09-19 05:15:46.244036+00', ''),
	('00000000-0000-0000-0000-000000000000', '1d2e6730-b6cc-4370-a97d-c767d9224eec', '{"action":"logout","actor_id":"3cc000e3-b251-41fc-8e24-fafe475e8e58","actor_username":"ryanj.kelley@icloud.com","actor_via_sso":false,"log_type":"account"}', '2025-09-19 05:36:05.09652+00', ''),
	('00000000-0000-0000-0000-000000000000', '30053fef-778f-4ff7-8fde-1bbb3eaf0a29', '{"action":"login","actor_id":"3cc000e3-b251-41fc-8e24-fafe475e8e58","actor_username":"ryanj.kelley@icloud.com","actor_via_sso":false,"log_type":"account","traits":{"provider":"email"}}', '2025-09-19 05:36:08.348892+00', ''),
	('00000000-0000-0000-0000-000000000000', 'b7710a64-8d4b-42ed-bb26-b43f61d6a49b', '{"action":"logout","actor_id":"3cc000e3-b251-41fc-8e24-fafe475e8e58","actor_username":"ryanj.kelley@icloud.com","actor_via_sso":false,"log_type":"account"}', '2025-09-19 05:55:33.689152+00', ''),
	('00000000-0000-0000-0000-000000000000', '6366114b-ffb5-43ea-9f9f-cf163b57c0e7', '{"action":"login","actor_id":"3cc000e3-b251-41fc-8e24-fafe475e8e58","actor_username":"ryanj.kelley@icloud.com","actor_via_sso":false,"log_type":"account","traits":{"provider":"email"}}', '2025-09-19 05:55:38.993095+00', ''),
	('00000000-0000-0000-0000-000000000000', '89d2f1fa-fcda-4985-a89e-04adf0d96dda', '{"action":"logout","actor_id":"3cc000e3-b251-41fc-8e24-fafe475e8e58","actor_username":"ryanj.kelley@icloud.com","actor_via_sso":false,"log_type":"account"}', '2025-09-19 05:55:44.225943+00', ''),
	('00000000-0000-0000-0000-000000000000', 'b32fc853-2ac5-4a74-b14b-1d7ad3b82252', '{"action":"login","actor_id":"3cc000e3-b251-41fc-8e24-fafe475e8e58","actor_username":"ryanj.kelley@icloud.com","actor_via_sso":false,"log_type":"account","traits":{"provider":"email"}}', '2025-09-19 05:55:52.035631+00', ''),
	('00000000-0000-0000-0000-000000000000', 'b7f3b42d-9b81-48d7-849e-01c73a90bef1', '{"action":"logout","actor_id":"3cc000e3-b251-41fc-8e24-fafe475e8e58","actor_username":"ryanj.kelley@icloud.com","actor_via_sso":false,"log_type":"account"}', '2025-09-19 05:56:07.097541+00', ''),
	('00000000-0000-0000-0000-000000000000', '278c772d-64cd-4665-988a-19c20c8ab887', '{"action":"login","actor_id":"3cc000e3-b251-41fc-8e24-fafe475e8e58","actor_username":"ryanj.kelley@icloud.com","actor_via_sso":false,"log_type":"account","traits":{"provider":"email"}}', '2025-09-19 05:58:26.839415+00', ''),
	('00000000-0000-0000-0000-000000000000', '8c46eb9a-bfad-4db6-aca0-ffcb07bcac70', '{"action":"token_refreshed","actor_id":"3cc000e3-b251-41fc-8e24-fafe475e8e58","actor_username":"ryanj.kelley@icloud.com","actor_via_sso":false,"log_type":"token"}', '2025-09-19 16:47:18.902407+00', ''),
	('00000000-0000-0000-0000-000000000000', '2a1b38a6-fac9-4698-b69e-a83dfc4fa1e6', '{"action":"token_revoked","actor_id":"3cc000e3-b251-41fc-8e24-fafe475e8e58","actor_username":"ryanj.kelley@icloud.com","actor_via_sso":false,"log_type":"token"}', '2025-09-19 16:47:18.910222+00', ''),
	('00000000-0000-0000-0000-000000000000', '68ec1112-e992-480c-bffa-af2d2a636313', '{"action":"logout","actor_id":"3cc000e3-b251-41fc-8e24-fafe475e8e58","actor_username":"ryanj.kelley@icloud.com","actor_via_sso":false,"log_type":"account"}', '2025-09-19 17:39:22.852051+00', ''),
	('00000000-0000-0000-0000-000000000000', '12e84c2a-ba1a-406a-8354-b006afda61bf', '{"action":"login","actor_id":"3cc000e3-b251-41fc-8e24-fafe475e8e58","actor_username":"ryanj.kelley@icloud.com","actor_via_sso":false,"log_type":"account","traits":{"provider":"email"}}', '2025-09-19 17:39:50.388888+00', ''),
	('00000000-0000-0000-0000-000000000000', '568e7eff-06d5-4848-b657-1c1483c50a7f', '{"action":"logout","actor_id":"3cc000e3-b251-41fc-8e24-fafe475e8e58","actor_username":"ryanj.kelley@icloud.com","actor_via_sso":false,"log_type":"account"}', '2025-09-19 17:48:31.207392+00', ''),
	('00000000-0000-0000-0000-000000000000', 'b4d419ba-839b-498e-b643-381ef1ebd860', '{"action":"login","actor_id":"3cc000e3-b251-41fc-8e24-fafe475e8e58","actor_username":"ryanj.kelley@icloud.com","actor_via_sso":false,"log_type":"account","traits":{"provider":"email"}}', '2025-09-19 17:48:34.883218+00', ''),
	('00000000-0000-0000-0000-000000000000', '332623cf-5f31-49c0-9082-c18131976c9d', '{"action":"logout","actor_id":"3cc000e3-b251-41fc-8e24-fafe475e8e58","actor_username":"ryanj.kelley@icloud.com","actor_via_sso":false,"log_type":"account"}', '2025-09-19 17:48:41.826745+00', ''),
	('00000000-0000-0000-0000-000000000000', '365cde6e-bd15-481b-9652-92c58bf930af', '{"action":"login","actor_id":"3cc000e3-b251-41fc-8e24-fafe475e8e58","actor_username":"ryanj.kelley@icloud.com","actor_via_sso":false,"log_type":"account","traits":{"provider":"email"}}', '2025-09-19 17:48:45.087855+00', ''),
	('00000000-0000-0000-0000-000000000000', '1bd065b2-f763-48f1-8684-c16da77a0681', '{"action":"token_refreshed","actor_id":"3cc000e3-b251-41fc-8e24-fafe475e8e58","actor_username":"ryanj.kelley@icloud.com","actor_via_sso":false,"log_type":"token"}', '2025-09-19 19:00:38.019495+00', ''),
	('00000000-0000-0000-0000-000000000000', 'fa3bad48-8dc1-4fac-a60f-ff3ee436fc83', '{"action":"token_revoked","actor_id":"3cc000e3-b251-41fc-8e24-fafe475e8e58","actor_username":"ryanj.kelley@icloud.com","actor_via_sso":false,"log_type":"token"}', '2025-09-19 19:00:38.036484+00', ''),
	('00000000-0000-0000-0000-000000000000', '66973c6d-c74c-4f1d-849e-95fe3ddffe35', '{"action":"token_refreshed","actor_id":"3cc000e3-b251-41fc-8e24-fafe475e8e58","actor_username":"ryanj.kelley@icloud.com","actor_via_sso":false,"log_type":"token"}', '2025-09-20 00:48:04.2505+00', ''),
	('00000000-0000-0000-0000-000000000000', '7f0f7df5-f502-45e2-bdba-1830cea94b57', '{"action":"token_revoked","actor_id":"3cc000e3-b251-41fc-8e24-fafe475e8e58","actor_username":"ryanj.kelley@icloud.com","actor_via_sso":false,"log_type":"token"}', '2025-09-20 00:48:04.274725+00', ''),
	('00000000-0000-0000-0000-000000000000', '02be204c-f958-4a85-b380-5d327dca3de8', '{"action":"logout","actor_id":"3cc000e3-b251-41fc-8e24-fafe475e8e58","actor_username":"ryanj.kelley@icloud.com","actor_via_sso":false,"log_type":"account"}', '2025-09-20 00:48:24.094603+00', ''),
	('00000000-0000-0000-0000-000000000000', 'eb17ff15-5c9e-4198-b466-2b508c05bcb6', '{"action":"login","actor_id":"3cc000e3-b251-41fc-8e24-fafe475e8e58","actor_username":"ryanj.kelley@icloud.com","actor_via_sso":false,"log_type":"account","traits":{"provider":"email"}}', '2025-09-20 00:51:14.957002+00', ''),
	('00000000-0000-0000-0000-000000000000', '9c6acdbb-26c4-4fbe-8cdd-af992ddef2b3', '{"action":"token_refreshed","actor_id":"3cc000e3-b251-41fc-8e24-fafe475e8e58","actor_username":"ryanj.kelley@icloud.com","actor_via_sso":false,"log_type":"token"}', '2025-09-20 02:01:39.743469+00', ''),
	('00000000-0000-0000-0000-000000000000', 'c6198ddc-b5a2-4978-a1b4-cd365c55e000', '{"action":"token_revoked","actor_id":"3cc000e3-b251-41fc-8e24-fafe475e8e58","actor_username":"ryanj.kelley@icloud.com","actor_via_sso":false,"log_type":"token"}', '2025-09-20 02:01:39.766812+00', ''),
	('00000000-0000-0000-0000-000000000000', '40b3aff0-9d81-4482-a496-4de0e4757034', '{"action":"token_refreshed","actor_id":"3cc000e3-b251-41fc-8e24-fafe475e8e58","actor_username":"ryanj.kelley@icloud.com","actor_via_sso":false,"log_type":"token"}', '2025-09-20 04:15:37.606313+00', ''),
	('00000000-0000-0000-0000-000000000000', '37b1444f-a088-45e9-9444-e324eef73fc8', '{"action":"token_revoked","actor_id":"3cc000e3-b251-41fc-8e24-fafe475e8e58","actor_username":"ryanj.kelley@icloud.com","actor_via_sso":false,"log_type":"token"}', '2025-09-20 04:15:37.620502+00', ''),
	('00000000-0000-0000-0000-000000000000', '2c442f20-774a-4c29-a6ac-0418dccec133', '{"action":"token_refreshed","actor_id":"3cc000e3-b251-41fc-8e24-fafe475e8e58","actor_username":"ryanj.kelley@icloud.com","actor_via_sso":false,"log_type":"token"}', '2025-09-20 16:55:30.300241+00', ''),
	('00000000-0000-0000-0000-000000000000', 'b8321b8c-fa5d-46d2-b51a-5288c5d38e2d', '{"action":"token_revoked","actor_id":"3cc000e3-b251-41fc-8e24-fafe475e8e58","actor_username":"ryanj.kelley@icloud.com","actor_via_sso":false,"log_type":"token"}', '2025-09-20 16:55:30.323174+00', ''),
	('00000000-0000-0000-0000-000000000000', '1c276830-31ef-43a0-ae14-6bf6a2bf11d0', '{"action":"token_refreshed","actor_id":"3cc000e3-b251-41fc-8e24-fafe475e8e58","actor_username":"ryanj.kelley@icloud.com","actor_via_sso":false,"log_type":"token"}', '2025-09-20 17:55:31.099234+00', ''),
	('00000000-0000-0000-0000-000000000000', '196a9532-5cca-454c-b86a-3b1e5a6a3ec3', '{"action":"token_revoked","actor_id":"3cc000e3-b251-41fc-8e24-fafe475e8e58","actor_username":"ryanj.kelley@icloud.com","actor_via_sso":false,"log_type":"token"}', '2025-09-20 17:55:31.11379+00', ''),
	('00000000-0000-0000-0000-000000000000', 'd77ebadf-bfa2-4e82-80f9-8e8da6c79eda', '{"action":"token_refreshed","actor_id":"3cc000e3-b251-41fc-8e24-fafe475e8e58","actor_username":"ryanj.kelley@icloud.com","actor_via_sso":false,"log_type":"token"}', '2025-09-20 18:54:13.760303+00', ''),
	('00000000-0000-0000-0000-000000000000', 'cde5abfe-0943-469e-91bb-b39f16774288', '{"action":"token_revoked","actor_id":"3cc000e3-b251-41fc-8e24-fafe475e8e58","actor_username":"ryanj.kelley@icloud.com","actor_via_sso":false,"log_type":"token"}', '2025-09-20 18:54:13.769914+00', ''),
	('00000000-0000-0000-0000-000000000000', '0eab59be-815d-43a2-ba29-896a04833ed7', '{"action":"token_refreshed","actor_id":"3cc000e3-b251-41fc-8e24-fafe475e8e58","actor_username":"ryanj.kelley@icloud.com","actor_via_sso":false,"log_type":"token"}', '2025-09-20 20:15:10.361891+00', ''),
	('00000000-0000-0000-0000-000000000000', '3b6bbc1d-5ec3-4e6b-a4e9-66cfdd23a87e', '{"action":"token_revoked","actor_id":"3cc000e3-b251-41fc-8e24-fafe475e8e58","actor_username":"ryanj.kelley@icloud.com","actor_via_sso":false,"log_type":"token"}', '2025-09-20 20:15:10.378828+00', ''),
	('00000000-0000-0000-0000-000000000000', 'ae5f1598-1e1e-4cb6-9247-edc9472dfa3b', '{"action":"login","actor_id":"3cc000e3-b251-41fc-8e24-fafe475e8e58","actor_username":"ryanj.kelley@icloud.com","actor_via_sso":false,"log_type":"account","traits":{"provider":"email"}}', '2025-09-20 21:11:48.317698+00', ''),
	('00000000-0000-0000-0000-000000000000', '5e9c8ce6-ef77-4e1b-ad77-b81412a6d9a6', '{"action":"token_refreshed","actor_id":"3cc000e3-b251-41fc-8e24-fafe475e8e58","actor_username":"ryanj.kelley@icloud.com","actor_via_sso":false,"log_type":"token"}', '2025-09-20 21:15:52.194161+00', ''),
	('00000000-0000-0000-0000-000000000000', 'f0355997-3a92-4ebf-a907-d401c01832d2', '{"action":"token_revoked","actor_id":"3cc000e3-b251-41fc-8e24-fafe475e8e58","actor_username":"ryanj.kelley@icloud.com","actor_via_sso":false,"log_type":"token"}', '2025-09-20 21:15:52.20015+00', ''),
	('00000000-0000-0000-0000-000000000000', '0feb1ff1-c41e-42cd-a3bd-d8a1b83ac09a', '{"action":"user_signedup","actor_id":"00000000-0000-0000-0000-000000000000","actor_username":"service_role","actor_via_sso":false,"log_type":"team","traits":{"provider":"email","user_email":"exampleprovider@test.com","user_id":"9bc6ae5e-d528-411b-975a-b2346519dbb5","user_phone":""}}', '2025-09-20 22:09:15.125144+00', ''),
	('00000000-0000-0000-0000-000000000000', 'dbc3a84b-9131-4ef4-b218-855207bb05ca', '{"action":"logout","actor_id":"3cc000e3-b251-41fc-8e24-fafe475e8e58","actor_username":"ryanj.kelley@icloud.com","actor_via_sso":false,"log_type":"account"}', '2025-09-20 22:10:37.716424+00', ''),
	('00000000-0000-0000-0000-000000000000', 'eb015a87-c4c9-446b-a3c2-bfb786c11fa3', '{"action":"login","actor_id":"9bc6ae5e-d528-411b-975a-b2346519dbb5","actor_username":"exampleprovider@test.com","actor_via_sso":false,"log_type":"account","traits":{"provider":"email"}}', '2025-09-20 22:11:14.860185+00', ''),
	('00000000-0000-0000-0000-000000000000', '7e15000e-62bc-4dfa-84d5-ca0a02c203a4', '{"action":"logout","actor_id":"9bc6ae5e-d528-411b-975a-b2346519dbb5","actor_username":"exampleprovider@test.com","actor_via_sso":false,"log_type":"account"}', '2025-09-20 22:11:16.265385+00', ''),
	('00000000-0000-0000-0000-000000000000', '5033a852-c26f-421c-930d-0ef52d0b3329', '{"action":"login","actor_id":"9bc6ae5e-d528-411b-975a-b2346519dbb5","actor_username":"exampleprovider@test.com","actor_via_sso":false,"log_type":"account","traits":{"provider":"email"}}', '2025-09-20 22:13:47.7443+00', ''),
	('00000000-0000-0000-0000-000000000000', '950ae69f-fc6f-4fdb-a20a-ab9e2fc42224', '{"action":"logout","actor_id":"9bc6ae5e-d528-411b-975a-b2346519dbb5","actor_username":"exampleprovider@test.com","actor_via_sso":false,"log_type":"account"}', '2025-09-20 22:13:49.161574+00', ''),
	('00000000-0000-0000-0000-000000000000', 'd575e065-79bf-4644-8e6b-b5095b8779d4', '{"action":"login","actor_id":"9bc6ae5e-d528-411b-975a-b2346519dbb5","actor_username":"exampleprovider@test.com","actor_via_sso":false,"log_type":"account","traits":{"provider":"email"}}', '2025-09-20 22:21:48.018867+00', ''),
	('00000000-0000-0000-0000-000000000000', '644de194-06be-4873-bc9c-a9d831d09ff6', '{"action":"logout","actor_id":"9bc6ae5e-d528-411b-975a-b2346519dbb5","actor_username":"exampleprovider@test.com","actor_via_sso":false,"log_type":"account"}', '2025-09-20 22:21:49.284358+00', ''),
	('00000000-0000-0000-0000-000000000000', '58b03ac6-3f07-4494-a7b1-75e2080ac584', '{"action":"login","actor_id":"9bc6ae5e-d528-411b-975a-b2346519dbb5","actor_username":"exampleprovider@test.com","actor_via_sso":false,"log_type":"account","traits":{"provider":"email"}}', '2025-09-20 22:27:39.879965+00', ''),
	('00000000-0000-0000-0000-000000000000', '46d96f8d-5500-43e9-865f-53e28a681279', '{"action":"logout","actor_id":"9bc6ae5e-d528-411b-975a-b2346519dbb5","actor_username":"exampleprovider@test.com","actor_via_sso":false,"log_type":"account"}', '2025-09-20 22:27:41.171885+00', ''),
	('00000000-0000-0000-0000-000000000000', '87d475a7-f892-475a-b3a9-b8f8344602cb', '{"action":"login","actor_id":"9bc6ae5e-d528-411b-975a-b2346519dbb5","actor_username":"exampleprovider@test.com","actor_via_sso":false,"log_type":"account","traits":{"provider":"email"}}', '2025-09-20 22:27:58.672268+00', ''),
	('00000000-0000-0000-0000-000000000000', '096a7e42-0d33-4216-ab82-d09fddd62c4b', '{"action":"logout","actor_id":"9bc6ae5e-d528-411b-975a-b2346519dbb5","actor_username":"exampleprovider@test.com","actor_via_sso":false,"log_type":"account"}', '2025-09-20 22:27:59.471668+00', ''),
	('00000000-0000-0000-0000-000000000000', '392e9046-f9e6-4ddc-bae2-65e287947153', '{"action":"login","actor_id":"9bc6ae5e-d528-411b-975a-b2346519dbb5","actor_username":"exampleprovider@test.com","actor_via_sso":false,"log_type":"account","traits":{"provider":"email"}}', '2025-09-20 22:29:53.253586+00', ''),
	('00000000-0000-0000-0000-000000000000', '10fc1653-f1ff-43ea-b99f-7e34dec7b180', '{"action":"logout","actor_id":"9bc6ae5e-d528-411b-975a-b2346519dbb5","actor_username":"exampleprovider@test.com","actor_via_sso":false,"log_type":"account"}', '2025-09-20 22:29:55.045029+00', ''),
	('00000000-0000-0000-0000-000000000000', '0fd3fcc4-a29f-472b-8ce9-47eb4a6d3cd5', '{"action":"user_signedup","actor_id":"00000000-0000-0000-0000-000000000000","actor_username":"service_role","actor_via_sso":false,"log_type":"team","traits":{"provider":"email","user_email":"dr.michael.davis@test.com","user_id":"a0ec6f0b-797c-44ef-aa80-71d36634e389","user_phone":""}}', '2025-09-20 22:32:16.453906+00', ''),
	('00000000-0000-0000-0000-000000000000', '33f62a4c-277a-45b3-94ad-0ed35697e757', '{"action":"login","actor_id":"a0ec6f0b-797c-44ef-aa80-71d36634e389","actor_username":"dr.michael.davis@test.com","actor_via_sso":false,"log_type":"account","traits":{"provider":"email"}}', '2025-09-20 22:34:01.434904+00', ''),
	('00000000-0000-0000-0000-000000000000', 'e8db3120-85bc-4736-815b-6879e7429ced', '{"action":"logout","actor_id":"a0ec6f0b-797c-44ef-aa80-71d36634e389","actor_username":"dr.michael.davis@test.com","actor_via_sso":false,"log_type":"account"}', '2025-09-20 22:34:02.887908+00', ''),
	('00000000-0000-0000-0000-000000000000', 'e08f777e-2069-4a6e-aaab-83a31757d9cb', '{"action":"login","actor_id":"9bc6ae5e-d528-411b-975a-b2346519dbb5","actor_username":"exampleprovider@test.com","actor_via_sso":false,"log_type":"account","traits":{"provider":"email"}}', '2025-09-20 22:40:00.443566+00', ''),
	('00000000-0000-0000-0000-000000000000', '2bae6ca2-ad37-406a-b085-ed8bedd23ee2', '{"action":"logout","actor_id":"9bc6ae5e-d528-411b-975a-b2346519dbb5","actor_username":"exampleprovider@test.com","actor_via_sso":false,"log_type":"account"}', '2025-09-20 22:40:01.569562+00', ''),
	('00000000-0000-0000-0000-000000000000', '5ca12b0e-b2f3-48b6-958c-ccc6ec13bcb7', '{"action":"login","actor_id":"a0ec6f0b-797c-44ef-aa80-71d36634e389","actor_username":"dr.michael.davis@test.com","actor_via_sso":false,"log_type":"account","traits":{"provider":"email"}}', '2025-09-20 22:40:27.928037+00', ''),
	('00000000-0000-0000-0000-000000000000', '5482a6d1-7c4c-4ab9-bde8-80961ac8df11', '{"action":"logout","actor_id":"a0ec6f0b-797c-44ef-aa80-71d36634e389","actor_username":"dr.michael.davis@test.com","actor_via_sso":false,"log_type":"account"}', '2025-09-20 22:40:28.697332+00', ''),
	('00000000-0000-0000-0000-000000000000', '43852b6a-dce0-48f9-a78f-660bcd810dd4', '{"action":"login","actor_id":"9bc6ae5e-d528-411b-975a-b2346519dbb5","actor_username":"exampleprovider@test.com","actor_via_sso":false,"log_type":"account","traits":{"provider":"email"}}', '2025-09-20 22:44:05.785759+00', ''),
	('00000000-0000-0000-0000-000000000000', 'b7437b3e-1ae3-45de-b582-86f7a2dc6fa1', '{"action":"logout","actor_id":"9bc6ae5e-d528-411b-975a-b2346519dbb5","actor_username":"exampleprovider@test.com","actor_via_sso":false,"log_type":"account"}', '2025-09-20 22:44:07.211695+00', ''),
	('00000000-0000-0000-0000-000000000000', '9c274a39-65f2-48ef-8a16-740d919f2798', '{"action":"login","actor_id":"3cc000e3-b251-41fc-8e24-fafe475e8e58","actor_username":"ryanj.kelley@icloud.com","actor_via_sso":false,"log_type":"account","traits":{"provider":"email"}}', '2025-09-20 22:44:47.584659+00', ''),
	('00000000-0000-0000-0000-000000000000', 'b99fd7fc-2cbd-4d8b-ac17-ca8a2eac1af4', '{"action":"logout","actor_id":"3cc000e3-b251-41fc-8e24-fafe475e8e58","actor_username":"ryanj.kelley@icloud.com","actor_via_sso":false,"log_type":"account"}', '2025-09-20 22:44:51.92734+00', ''),
	('00000000-0000-0000-0000-000000000000', '1ef8473b-4d2d-4f9c-a0c5-37ff69b21dc1', '{"action":"login","actor_id":"3cc000e3-b251-41fc-8e24-fafe475e8e58","actor_username":"ryanj.kelley@icloud.com","actor_via_sso":false,"log_type":"account","traits":{"provider":"email"}}', '2025-09-20 22:44:54.544667+00', ''),
	('00000000-0000-0000-0000-000000000000', '1701218d-b46d-494b-a63e-95ad3d2256f7', '{"action":"logout","actor_id":"3cc000e3-b251-41fc-8e24-fafe475e8e58","actor_username":"ryanj.kelley@icloud.com","actor_via_sso":false,"log_type":"account"}', '2025-09-20 22:44:58.394699+00', ''),
	('00000000-0000-0000-0000-000000000000', '1765e7ee-99c4-404c-b133-0486eb11000b', '{"action":"login","actor_id":"9bc6ae5e-d528-411b-975a-b2346519dbb5","actor_username":"exampleprovider@test.com","actor_via_sso":false,"log_type":"account","traits":{"provider":"email"}}', '2025-09-20 22:45:10.364604+00', ''),
	('00000000-0000-0000-0000-000000000000', '68ce3846-adb9-4a14-b70f-66b735fe17bf', '{"action":"logout","actor_id":"9bc6ae5e-d528-411b-975a-b2346519dbb5","actor_username":"exampleprovider@test.com","actor_via_sso":false,"log_type":"account"}', '2025-09-20 22:45:11.339092+00', ''),
	('00000000-0000-0000-0000-000000000000', 'a1856634-a470-4a59-bae2-d408a09adea2', '{"action":"login","actor_id":"9bc6ae5e-d528-411b-975a-b2346519dbb5","actor_username":"exampleprovider@test.com","actor_via_sso":false,"log_type":"account","traits":{"provider":"email"}}', '2025-09-20 22:49:20.996698+00', ''),
	('00000000-0000-0000-0000-000000000000', 'c0455b14-8f53-44ae-9ed7-afd673092fe5', '{"action":"logout","actor_id":"9bc6ae5e-d528-411b-975a-b2346519dbb5","actor_username":"exampleprovider@test.com","actor_via_sso":false,"log_type":"account"}', '2025-09-20 22:49:22.095904+00', ''),
	('00000000-0000-0000-0000-000000000000', '1027a5d2-6d7a-4824-b8a4-6071472ec048', '{"action":"login","actor_id":"9bc6ae5e-d528-411b-975a-b2346519dbb5","actor_username":"exampleprovider@test.com","actor_via_sso":false,"log_type":"account","traits":{"provider":"email"}}', '2025-09-20 22:49:46.570775+00', ''),
	('00000000-0000-0000-0000-000000000000', '754d683d-bf7e-496f-a176-2d2b3a979940', '{"action":"logout","actor_id":"9bc6ae5e-d528-411b-975a-b2346519dbb5","actor_username":"exampleprovider@test.com","actor_via_sso":false,"log_type":"account"}', '2025-09-20 22:49:47.229306+00', ''),
	('00000000-0000-0000-0000-000000000000', '487c7a8f-0a42-40d8-bb4f-77c69be26120', '{"action":"login","actor_id":"9bc6ae5e-d528-411b-975a-b2346519dbb5","actor_username":"exampleprovider@test.com","actor_via_sso":false,"log_type":"account","traits":{"provider":"email"}}', '2025-09-20 22:50:48.945688+00', ''),
	('00000000-0000-0000-0000-000000000000', '0f68e947-266b-4cf4-ab7c-39f87f796073', '{"action":"logout","actor_id":"9bc6ae5e-d528-411b-975a-b2346519dbb5","actor_username":"exampleprovider@test.com","actor_via_sso":false,"log_type":"account"}', '2025-09-20 22:50:49.805021+00', ''),
	('00000000-0000-0000-0000-000000000000', 'cbc06411-fdcb-4211-a46d-91dfd8777c3e', '{"action":"login","actor_id":"9bc6ae5e-d528-411b-975a-b2346519dbb5","actor_username":"exampleprovider@test.com","actor_via_sso":false,"log_type":"account","traits":{"provider":"email"}}', '2025-09-20 22:54:29.608545+00', ''),
	('00000000-0000-0000-0000-000000000000', '21a2816b-53f4-43af-8871-e00c5e75f517', '{"action":"logout","actor_id":"9bc6ae5e-d528-411b-975a-b2346519dbb5","actor_username":"exampleprovider@test.com","actor_via_sso":false,"log_type":"account"}', '2025-09-20 22:54:30.188246+00', ''),
	('00000000-0000-0000-0000-000000000000', 'c9410823-f37f-40a1-b4d2-60784b73a88d', '{"action":"login","actor_id":"9bc6ae5e-d528-411b-975a-b2346519dbb5","actor_username":"exampleprovider@test.com","actor_via_sso":false,"log_type":"account","traits":{"provider":"email"}}', '2025-09-20 22:55:34.17687+00', ''),
	('00000000-0000-0000-0000-000000000000', 'f22c2cd4-941b-4d2f-b9cc-494549234cb0', '{"action":"logout","actor_id":"9bc6ae5e-d528-411b-975a-b2346519dbb5","actor_username":"exampleprovider@test.com","actor_via_sso":false,"log_type":"account"}', '2025-09-20 22:55:35.276266+00', ''),
	('00000000-0000-0000-0000-000000000000', '54cabafa-fc54-4a76-92de-f9b51689a2f2', '{"action":"login","actor_id":"9bc6ae5e-d528-411b-975a-b2346519dbb5","actor_username":"exampleprovider@test.com","actor_via_sso":false,"log_type":"account","traits":{"provider":"email"}}', '2025-09-20 22:56:52.3182+00', ''),
	('00000000-0000-0000-0000-000000000000', 'b18fb054-abab-40c8-aff1-12a07ce3c413', '{"action":"logout","actor_id":"9bc6ae5e-d528-411b-975a-b2346519dbb5","actor_username":"exampleprovider@test.com","actor_via_sso":false,"log_type":"account"}', '2025-09-20 22:56:53.365407+00', ''),
	('00000000-0000-0000-0000-000000000000', '2d1d48e8-237f-463a-ba49-1891cb88dbaa', '{"action":"login","actor_id":"9bc6ae5e-d528-411b-975a-b2346519dbb5","actor_username":"exampleprovider@test.com","actor_via_sso":false,"log_type":"account","traits":{"provider":"email"}}', '2025-09-20 23:03:59.725582+00', ''),
	('00000000-0000-0000-0000-000000000000', '33fc3760-c799-4026-acda-063bd73c3bcf', '{"action":"logout","actor_id":"9bc6ae5e-d528-411b-975a-b2346519dbb5","actor_username":"exampleprovider@test.com","actor_via_sso":false,"log_type":"account"}', '2025-09-20 23:04:00.44164+00', ''),
	('00000000-0000-0000-0000-000000000000', '7a65001f-3045-4ba3-b87d-ac1d8c5ef6dd', '{"action":"user_signedup","actor_id":"08631a2c-4bc2-488d-900b-31fb40facad7","actor_username":"example@test.com","actor_via_sso":false,"log_type":"team","traits":{"provider":"email"}}', '2025-09-20 23:04:48.831898+00', ''),
	('00000000-0000-0000-0000-000000000000', '9204aca6-887b-42fe-8857-4f68143881f6', '{"action":"login","actor_id":"08631a2c-4bc2-488d-900b-31fb40facad7","actor_username":"example@test.com","actor_via_sso":false,"log_type":"account","traits":{"provider":"email"}}', '2025-09-20 23:04:48.842793+00', ''),
	('00000000-0000-0000-0000-000000000000', '67894633-7ace-473f-a416-fe124955b50b', '{"action":"logout","actor_id":"08631a2c-4bc2-488d-900b-31fb40facad7","actor_username":"example@test.com","actor_via_sso":false,"log_type":"account"}', '2025-09-20 23:04:49.695258+00', ''),
	('00000000-0000-0000-0000-000000000000', 'e500935a-a5bb-4831-9a5a-3a159b895ba2', '{"action":"login","actor_id":"9bc6ae5e-d528-411b-975a-b2346519dbb5","actor_username":"exampleprovider@test.com","actor_via_sso":false,"log_type":"account","traits":{"provider":"email"}}', '2025-09-20 23:05:54.902966+00', ''),
	('00000000-0000-0000-0000-000000000000', '6f55b714-33f9-475b-9fd3-6ae13958a982', '{"action":"logout","actor_id":"9bc6ae5e-d528-411b-975a-b2346519dbb5","actor_username":"exampleprovider@test.com","actor_via_sso":false,"log_type":"account"}', '2025-09-20 23:05:55.956869+00', ''),
	('00000000-0000-0000-0000-000000000000', '381c26b5-4ce0-47ff-a38f-a83974da0925', '{"action":"login","actor_id":"9bc6ae5e-d528-411b-975a-b2346519dbb5","actor_username":"exampleprovider@test.com","actor_via_sso":false,"log_type":"account","traits":{"provider":"email"}}', '2025-09-20 23:07:10.557456+00', ''),
	('00000000-0000-0000-0000-000000000000', '6cb38567-615e-40aa-8a60-187700441b04', '{"action":"logout","actor_id":"9bc6ae5e-d528-411b-975a-b2346519dbb5","actor_username":"exampleprovider@test.com","actor_via_sso":false,"log_type":"account"}', '2025-09-20 23:07:11.320461+00', ''),
	('00000000-0000-0000-0000-000000000000', 'e2578b0b-dd86-403b-8818-acb405671a09', '{"action":"login","actor_id":"9bc6ae5e-d528-411b-975a-b2346519dbb5","actor_username":"exampleprovider@test.com","actor_via_sso":false,"log_type":"account","traits":{"provider":"email"}}', '2025-09-20 23:09:32.776141+00', ''),
	('00000000-0000-0000-0000-000000000000', '33f590e4-688c-43bf-94e1-dc6dd910f956', '{"action":"logout","actor_id":"9bc6ae5e-d528-411b-975a-b2346519dbb5","actor_username":"exampleprovider@test.com","actor_via_sso":false,"log_type":"account"}', '2025-09-20 23:09:33.65255+00', ''),
	('00000000-0000-0000-0000-000000000000', '10838b3a-3d28-4806-b2d7-376e5116865a', '{"action":"login","actor_id":"9bc6ae5e-d528-411b-975a-b2346519dbb5","actor_username":"exampleprovider@test.com","actor_via_sso":false,"log_type":"account","traits":{"provider":"email"}}', '2025-09-20 23:10:22.968379+00', ''),
	('00000000-0000-0000-0000-000000000000', '60294c42-8547-419b-be89-5af9e4d4f1fa', '{"action":"logout","actor_id":"9bc6ae5e-d528-411b-975a-b2346519dbb5","actor_username":"exampleprovider@test.com","actor_via_sso":false,"log_type":"account"}', '2025-09-20 23:10:23.689353+00', ''),
	('00000000-0000-0000-0000-000000000000', '6e53d607-76b8-4986-82be-f6ceb3473816', '{"action":"login","actor_id":"9bc6ae5e-d528-411b-975a-b2346519dbb5","actor_username":"exampleprovider@test.com","actor_via_sso":false,"log_type":"account","traits":{"provider":"email"}}', '2025-09-20 23:13:02.498255+00', ''),
	('00000000-0000-0000-0000-000000000000', '573a1cf4-e456-425e-97a5-783352dd3648', '{"action":"logout","actor_id":"9bc6ae5e-d528-411b-975a-b2346519dbb5","actor_username":"exampleprovider@test.com","actor_via_sso":false,"log_type":"account"}', '2025-09-20 23:13:03.113717+00', ''),
	('00000000-0000-0000-0000-000000000000', 'b8422357-3016-42a3-98f3-b022bf2b8c66', '{"action":"login","actor_id":"9bc6ae5e-d528-411b-975a-b2346519dbb5","actor_username":"exampleprovider@test.com","actor_via_sso":false,"log_type":"account","traits":{"provider":"email"}}', '2025-09-20 23:15:05.072562+00', ''),
	('00000000-0000-0000-0000-000000000000', '02d22497-a195-4575-899f-8ed60821c570', '{"action":"logout","actor_id":"9bc6ae5e-d528-411b-975a-b2346519dbb5","actor_username":"exampleprovider@test.com","actor_via_sso":false,"log_type":"account"}', '2025-09-20 23:15:05.982669+00', ''),
	('00000000-0000-0000-0000-000000000000', '318baba1-b455-4f4d-a91b-60b3eac95a9f', '{"action":"login","actor_id":"9bc6ae5e-d528-411b-975a-b2346519dbb5","actor_username":"exampleprovider@test.com","actor_via_sso":false,"log_type":"account","traits":{"provider":"email"}}', '2025-09-20 23:17:52.316872+00', ''),
	('00000000-0000-0000-0000-000000000000', 'd2b38177-e326-42b6-be1e-0c0349cc8609', '{"action":"logout","actor_id":"9bc6ae5e-d528-411b-975a-b2346519dbb5","actor_username":"exampleprovider@test.com","actor_via_sso":false,"log_type":"account"}', '2025-09-20 23:17:53.171817+00', ''),
	('00000000-0000-0000-0000-000000000000', '41c6edae-09a2-4826-9bc6-7bf235762691', '{"action":"login","actor_id":"9bc6ae5e-d528-411b-975a-b2346519dbb5","actor_username":"exampleprovider@test.com","actor_via_sso":false,"log_type":"account","traits":{"provider":"email"}}', '2025-09-20 23:28:15.334556+00', ''),
	('00000000-0000-0000-0000-000000000000', '258e9c65-1371-41d0-9c77-4acc58f6ebeb', '{"action":"logout","actor_id":"9bc6ae5e-d528-411b-975a-b2346519dbb5","actor_username":"exampleprovider@test.com","actor_via_sso":false,"log_type":"account"}', '2025-09-20 23:28:43.304729+00', ''),
	('00000000-0000-0000-0000-000000000000', '2685c0f8-a4ea-4ffc-9873-13e6630f594d', '{"action":"login","actor_id":"a0ec6f0b-797c-44ef-aa80-71d36634e389","actor_username":"dr.michael.davis@test.com","actor_via_sso":false,"log_type":"account","traits":{"provider":"email"}}', '2025-09-20 23:29:21.095835+00', ''),
	('00000000-0000-0000-0000-000000000000', 'ac36e57a-14ed-46ca-922d-018e5b3aa586', '{"action":"login","actor_id":"9bc6ae5e-d528-411b-975a-b2346519dbb5","actor_username":"exampleprovider@test.com","actor_via_sso":false,"log_type":"account","traits":{"provider":"email"}}', '2025-09-20 23:42:01.663455+00', ''),
	('00000000-0000-0000-0000-000000000000', 'ae0e7c76-ba30-486a-bc69-ce9145ca49af', '{"action":"login","actor_id":"9bc6ae5e-d528-411b-975a-b2346519dbb5","actor_username":"exampleprovider@test.com","actor_via_sso":false,"log_type":"account","traits":{"provider":"email"}}', '2025-09-20 23:43:58.136758+00', ''),
	('00000000-0000-0000-0000-000000000000', 'e2a616b8-c7d6-4c60-9139-7603502debff', '{"action":"login","actor_id":"9bc6ae5e-d528-411b-975a-b2346519dbb5","actor_username":"exampleprovider@test.com","actor_via_sso":false,"log_type":"account","traits":{"provider":"email"}}', '2025-09-20 23:45:23.321584+00', ''),
	('00000000-0000-0000-0000-000000000000', '96ad6999-f696-416b-baac-f4855ae075a3', '{"action":"login","actor_id":"9bc6ae5e-d528-411b-975a-b2346519dbb5","actor_username":"exampleprovider@test.com","actor_via_sso":false,"log_type":"account","traits":{"provider":"email"}}', '2025-09-20 23:45:36.052082+00', ''),
	('00000000-0000-0000-0000-000000000000', '5aa3171e-35bf-468e-9049-e7238a42b309', '{"action":"login","actor_id":"9bc6ae5e-d528-411b-975a-b2346519dbb5","actor_username":"exampleprovider@test.com","actor_via_sso":false,"log_type":"account","traits":{"provider":"email"}}', '2025-09-20 23:45:53.373934+00', ''),
	('00000000-0000-0000-0000-000000000000', 'c3059673-49da-49ee-80ae-993bddb6944c', '{"action":"login","actor_id":"9bc6ae5e-d528-411b-975a-b2346519dbb5","actor_username":"exampleprovider@test.com","actor_via_sso":false,"log_type":"account","traits":{"provider":"email"}}', '2025-09-20 23:55:30.490195+00', ''),
	('00000000-0000-0000-0000-000000000000', 'c8b89844-8d7e-41b4-ac9d-76a6b67d15bd', '{"action":"login","actor_id":"9bc6ae5e-d528-411b-975a-b2346519dbb5","actor_username":"exampleprovider@test.com","actor_via_sso":false,"log_type":"account","traits":{"provider":"email"}}', '2025-09-20 23:58:10.014258+00', ''),
	('00000000-0000-0000-0000-000000000000', '12f2db4e-6758-4e86-9835-bfcfc9c75f03', '{"action":"login","actor_id":"9bc6ae5e-d528-411b-975a-b2346519dbb5","actor_username":"exampleprovider@test.com","actor_via_sso":false,"log_type":"account","traits":{"provider":"email"}}', '2025-09-21 00:02:42.697551+00', ''),
	('00000000-0000-0000-0000-000000000000', '678e9312-c2a3-4437-9ee7-91600690fc13', '{"action":"login","actor_id":"9bc6ae5e-d528-411b-975a-b2346519dbb5","actor_username":"exampleprovider@test.com","actor_via_sso":false,"log_type":"account","traits":{"provider":"email"}}', '2025-09-21 00:07:11.534056+00', ''),
	('00000000-0000-0000-0000-000000000000', '257aa304-2106-4663-bb51-a2826554ce63', '{"action":"token_refreshed","actor_id":"9bc6ae5e-d528-411b-975a-b2346519dbb5","actor_username":"exampleprovider@test.com","actor_via_sso":false,"log_type":"token"}', '2025-09-21 01:23:23.595768+00', ''),
	('00000000-0000-0000-0000-000000000000', 'f2afcc8d-e68d-4c38-abf8-3c1c5340bd27', '{"action":"token_revoked","actor_id":"9bc6ae5e-d528-411b-975a-b2346519dbb5","actor_username":"exampleprovider@test.com","actor_via_sso":false,"log_type":"token"}', '2025-09-21 01:23:23.605699+00', ''),
	('00000000-0000-0000-0000-000000000000', '8e91dd30-ee3a-4bad-aa19-daeda6501bdb', '{"action":"user_signedup","actor_id":"83762a29-15f8-48d9-9bc7-5d99bc37f63c","actor_username":"exampleadmin@example.com","actor_via_sso":false,"log_type":"team","traits":{"provider":"email"}}', '2025-09-21 01:36:10.483569+00', ''),
	('00000000-0000-0000-0000-000000000000', '62e561e6-95c1-4cb7-8c1d-d8dec09d1116', '{"action":"login","actor_id":"83762a29-15f8-48d9-9bc7-5d99bc37f63c","actor_username":"exampleadmin@example.com","actor_via_sso":false,"log_type":"account","traits":{"provider":"email"}}', '2025-09-21 01:36:10.498303+00', ''),
	('00000000-0000-0000-0000-000000000000', '1a747cf8-1bba-43f3-9eab-0afea6014a25', '{"action":"user_deleted","actor_id":"00000000-0000-0000-0000-000000000000","actor_username":"service_role","actor_via_sso":false,"log_type":"team","traits":{"user_email":"exampleadmin@example.com","user_id":"83762a29-15f8-48d9-9bc7-5d99bc37f63c","user_phone":""}}', '2025-09-21 01:39:17.768025+00', ''),
	('00000000-0000-0000-0000-000000000000', '85360a29-f650-48cc-b38d-39b3d1cb76aa', '{"action":"token_refreshed","actor_id":"9bc6ae5e-d528-411b-975a-b2346519dbb5","actor_username":"exampleprovider@test.com","actor_via_sso":false,"log_type":"token"}', '2025-09-21 01:40:07.677081+00', ''),
	('00000000-0000-0000-0000-000000000000', '009c8541-e077-44b7-9720-ba5f71e83349', '{"action":"token_revoked","actor_id":"9bc6ae5e-d528-411b-975a-b2346519dbb5","actor_username":"exampleprovider@test.com","actor_via_sso":false,"log_type":"token"}', '2025-09-21 01:40:07.677689+00', ''),
	('00000000-0000-0000-0000-000000000000', '511926b9-8bb1-46f0-a9f5-cdd1aaf8f022', '{"action":"user_signedup","actor_id":"ce28e56f-2e9a-4350-8a65-4465a2c94e06","actor_username":"anexampleadmin@example.com","actor_via_sso":false,"log_type":"team","traits":{"provider":"email"}}', '2025-09-21 01:41:23.989023+00', ''),
	('00000000-0000-0000-0000-000000000000', 'beca72f2-05ae-49a7-8e98-df98efe1b62e', '{"action":"login","actor_id":"ce28e56f-2e9a-4350-8a65-4465a2c94e06","actor_username":"anexampleadmin@example.com","actor_via_sso":false,"log_type":"account","traits":{"provider":"email"}}', '2025-09-21 01:41:23.993987+00', ''),
	('00000000-0000-0000-0000-000000000000', 'd6367484-90f9-470e-a9ec-1af3a6f0809e', '{"action":"token_refreshed","actor_id":"9bc6ae5e-d528-411b-975a-b2346519dbb5","actor_username":"exampleprovider@test.com","actor_via_sso":false,"log_type":"token"}', '2025-09-21 01:46:53.214297+00', ''),
	('00000000-0000-0000-0000-000000000000', 'c9304e76-1c45-4696-bd0e-7a98f1add9f3', '{"action":"token_revoked","actor_id":"9bc6ae5e-d528-411b-975a-b2346519dbb5","actor_username":"exampleprovider@test.com","actor_via_sso":false,"log_type":"token"}', '2025-09-21 01:46:53.215886+00', ''),
	('00000000-0000-0000-0000-000000000000', '19b4ac8b-84f1-4773-9c99-7e4888347ecd', '{"action":"user_signedup","actor_id":"6818392e-4ed5-42f3-a693-4f08cbd909fb","actor_username":"adminexample@example.com","actor_via_sso":false,"log_type":"team","traits":{"provider":"email"}}', '2025-09-21 01:47:57.690862+00', ''),
	('00000000-0000-0000-0000-000000000000', 'dda70526-11b7-4c6e-ba2c-51e9be1ffb28', '{"action":"login","actor_id":"6818392e-4ed5-42f3-a693-4f08cbd909fb","actor_username":"adminexample@example.com","actor_via_sso":false,"log_type":"account","traits":{"provider":"email"}}', '2025-09-21 01:47:57.694973+00', ''),
	('00000000-0000-0000-0000-000000000000', 'af82f216-1646-416c-b776-b69a32118ac0', '{"action":"user_signedup","actor_id":"43cbc763-6df8-4f9a-a1e2-9e1d301b4530","actor_username":"anotherexampleadmin@example.com","actor_via_sso":false,"log_type":"team","traits":{"provider":"email"}}', '2025-09-21 01:56:19.474403+00', ''),
	('00000000-0000-0000-0000-000000000000', '1a85e82e-f032-41ca-a66e-cb7053f33f7c', '{"action":"login","actor_id":"43cbc763-6df8-4f9a-a1e2-9e1d301b4530","actor_username":"anotherexampleadmin@example.com","actor_via_sso":false,"log_type":"account","traits":{"provider":"email"}}', '2025-09-21 01:56:19.494745+00', ''),
	('00000000-0000-0000-0000-000000000000', '0ef9af65-68bd-4409-9f0b-4f5ce34c28a6', '{"action":"logout","actor_id":"43cbc763-6df8-4f9a-a1e2-9e1d301b4530","actor_username":"anotherexampleadmin@example.com","actor_via_sso":false,"log_type":"account"}', '2025-09-21 01:56:40.731056+00', ''),
	('00000000-0000-0000-0000-000000000000', '22cfbb88-6649-4adf-a51c-5b1f3f2e73c6', '{"action":"user_signedup","actor_id":"1a97bfda-b238-45a1-96f1-e0ccb2f82f8d","actor_username":"randomadmin@example.com","actor_via_sso":false,"log_type":"team","traits":{"provider":"email"}}', '2025-09-21 01:57:59.741349+00', ''),
	('00000000-0000-0000-0000-000000000000', '0381fe35-782a-43ac-b648-7ca22122318d', '{"action":"login","actor_id":"1a97bfda-b238-45a1-96f1-e0ccb2f82f8d","actor_username":"randomadmin@example.com","actor_via_sso":false,"log_type":"account","traits":{"provider":"email"}}', '2025-09-21 01:57:59.745695+00', ''),
	('00000000-0000-0000-0000-000000000000', 'ecc47e48-becd-4758-8ae4-5e9d5a120ed0', '{"action":"token_refreshed","actor_id":"9bc6ae5e-d528-411b-975a-b2346519dbb5","actor_username":"exampleprovider@test.com","actor_via_sso":false,"log_type":"token"}', '2025-09-21 02:00:20.707339+00', ''),
	('00000000-0000-0000-0000-000000000000', '4f541377-f8fc-4bfd-811a-1a59e1fdedf4', '{"action":"token_revoked","actor_id":"9bc6ae5e-d528-411b-975a-b2346519dbb5","actor_username":"exampleprovider@test.com","actor_via_sso":false,"log_type":"token"}', '2025-09-21 02:00:20.710242+00', ''),
	('00000000-0000-0000-0000-000000000000', '844db5d6-c22f-4eaf-83fa-608a503bcb36', '{"action":"user_signedup","actor_id":"4ac09bcf-b7fc-4343-8df8-467730fa9401","actor_username":"oejnobn@admin.com","actor_via_sso":false,"log_type":"team","traits":{"provider":"email"}}', '2025-09-21 02:01:44.540902+00', ''),
	('00000000-0000-0000-0000-000000000000', 'd6a030fd-4ae8-460c-8401-de6244ce3cea', '{"action":"login","actor_id":"4ac09bcf-b7fc-4343-8df8-467730fa9401","actor_username":"oejnobn@admin.com","actor_via_sso":false,"log_type":"account","traits":{"provider":"email"}}', '2025-09-21 02:01:44.546063+00', ''),
	('00000000-0000-0000-0000-000000000000', '42de2917-eec0-4c0f-9324-a71f79d07a47', '{"action":"user_signedup","actor_id":"dd32471d-dacd-4446-9f4c-255b5ec286c2","actor_username":"admin@admin.com","actor_via_sso":false,"log_type":"team","traits":{"provider":"email"}}', '2025-09-21 02:05:47.094709+00', ''),
	('00000000-0000-0000-0000-000000000000', 'cebc5073-ff03-4645-a52f-f4e5be9f238e', '{"action":"login","actor_id":"dd32471d-dacd-4446-9f4c-255b5ec286c2","actor_username":"admin@admin.com","actor_via_sso":false,"log_type":"account","traits":{"provider":"email"}}', '2025-09-21 02:05:47.112334+00', ''),
	('00000000-0000-0000-0000-000000000000', 'c8a9c56d-f1fc-4fc0-bcd2-aaa9239f29db', '{"action":"user_signedup","actor_id":"22957f2f-51bb-43b0-b0a7-c0fc4e0c018d","actor_username":"adminaccount@example.com","actor_via_sso":false,"log_type":"team","traits":{"provider":"email"}}', '2025-09-21 02:11:26.432425+00', ''),
	('00000000-0000-0000-0000-000000000000', '6c6db438-65a2-4d7d-8075-bd57aabaa467', '{"action":"login","actor_id":"22957f2f-51bb-43b0-b0a7-c0fc4e0c018d","actor_username":"adminaccount@example.com","actor_via_sso":false,"log_type":"account","traits":{"provider":"email"}}', '2025-09-21 02:11:26.447226+00', ''),
	('00000000-0000-0000-0000-000000000000', 'a0240177-f9ee-4792-88e3-116c4bf5c004', '{"action":"user_signedup","actor_id":"ed532a37-9a08-4666-9da2-1a189280b927","actor_username":"yetanotheradmin@admin.com","actor_via_sso":false,"log_type":"team","traits":{"provider":"email"}}', '2025-09-21 02:13:50.498312+00', ''),
	('00000000-0000-0000-0000-000000000000', 'fe9b9842-7ea5-4714-9630-ac1949da47c6', '{"action":"login","actor_id":"ed532a37-9a08-4666-9da2-1a189280b927","actor_username":"yetanotheradmin@admin.com","actor_via_sso":false,"log_type":"account","traits":{"provider":"email"}}', '2025-09-21 02:13:50.502395+00', ''),
	('00000000-0000-0000-0000-000000000000', '6d8bfc7e-7ed1-4a1c-9240-20fcd22e136f', '{"action":"user_signedup","actor_id":"e7a7c016-9c72-455d-b8ff-aff895740969","actor_username":"anexampeadmin@exampleadmin.com","actor_via_sso":false,"log_type":"team","traits":{"provider":"email"}}', '2025-09-21 02:24:42.817743+00', ''),
	('00000000-0000-0000-0000-000000000000', '528a2aa4-5c3f-45ba-9972-643bd62fdc19', '{"action":"login","actor_id":"e7a7c016-9c72-455d-b8ff-aff895740969","actor_username":"anexampeadmin@exampleadmin.com","actor_via_sso":false,"log_type":"account","traits":{"provider":"email"}}', '2025-09-21 02:24:42.84264+00', ''),
	('00000000-0000-0000-0000-000000000000', 'feb11d9d-a8fd-4698-b374-35fb71039363', '{"action":"logout","actor_id":"e7a7c016-9c72-455d-b8ff-aff895740969","actor_username":"anexampeadmin@exampleadmin.com","actor_via_sso":false,"log_type":"account"}', '2025-09-21 02:25:00.243967+00', ''),
	('00000000-0000-0000-0000-000000000000', 'f88ec1f2-56e3-408e-930f-b0ad203e45ce', '{"action":"user_signedup","actor_id":"9cfb506c-393b-455f-85e3-c68301173a1f","actor_username":"adminloading@example.com","actor_via_sso":false,"log_type":"team","traits":{"provider":"email"}}', '2025-09-21 02:28:55.077157+00', ''),
	('00000000-0000-0000-0000-000000000000', '6a948252-4e69-4571-9c34-64f40de134ef', '{"action":"login","actor_id":"9cfb506c-393b-455f-85e3-c68301173a1f","actor_username":"adminloading@example.com","actor_via_sso":false,"log_type":"account","traits":{"provider":"email"}}', '2025-09-21 02:28:55.08078+00', ''),
	('00000000-0000-0000-0000-000000000000', '79a6363e-2a6c-4621-b26e-4e1ed0bf717a', '{"action":"user_signedup","actor_id":"beaeaf6f-df91-4993-8b78-b24bb4b730c6","actor_username":"anotheradmin@admin.com","actor_via_sso":false,"log_type":"team","traits":{"provider":"email"}}', '2025-09-21 02:31:55.998193+00', ''),
	('00000000-0000-0000-0000-000000000000', 'b2c2a234-63f4-4a11-964d-7ff1294b6fa3', '{"action":"login","actor_id":"beaeaf6f-df91-4993-8b78-b24bb4b730c6","actor_username":"anotheradmin@admin.com","actor_via_sso":false,"log_type":"account","traits":{"provider":"email"}}', '2025-09-21 02:31:56.013871+00', ''),
	('00000000-0000-0000-0000-000000000000', '385126b7-3a8f-44a9-82fe-8d14e84274af', '{"action":"user_signedup","actor_id":"3a965dd8-c9dc-415c-a071-5c5522590927","actor_username":"adminsadmin@admin.com","actor_via_sso":false,"log_type":"team","traits":{"provider":"email"}}', '2025-09-21 02:33:56.630985+00', ''),
	('00000000-0000-0000-0000-000000000000', '80442507-2189-4930-8942-b30bc06b0df3', '{"action":"login","actor_id":"3a965dd8-c9dc-415c-a071-5c5522590927","actor_username":"adminsadmin@admin.com","actor_via_sso":false,"log_type":"account","traits":{"provider":"email"}}', '2025-09-21 02:33:56.638372+00', ''),
	('00000000-0000-0000-0000-000000000000', 'd1554d5f-f8a8-4c5f-8da6-c6e87ed2d91d', '{"action":"user_signedup","actor_id":"b7bab5d8-57f7-48c8-95b0-a01d3c40a238","actor_username":"oerjfkef@admin.com","actor_via_sso":false,"log_type":"team","traits":{"provider":"email"}}', '2025-09-21 02:35:52.393925+00', ''),
	('00000000-0000-0000-0000-000000000000', '63285516-28ad-4fbc-8008-952e0889481f', '{"action":"login","actor_id":"b7bab5d8-57f7-48c8-95b0-a01d3c40a238","actor_username":"oerjfkef@admin.com","actor_via_sso":false,"log_type":"account","traits":{"provider":"email"}}', '2025-09-21 02:35:52.398957+00', ''),
	('00000000-0000-0000-0000-000000000000', 'b28bdc92-f731-4b2a-87e2-bfb11e51ec4c', '{"action":"login","actor_id":"3cc000e3-b251-41fc-8e24-fafe475e8e58","actor_username":"ryanj.kelley@icloud.com","actor_via_sso":false,"log_type":"account","traits":{"provider":"email"}}', '2025-09-21 02:42:58.879696+00', ''),
	('00000000-0000-0000-0000-000000000000', '4eb0ce96-13e0-4913-9bd2-fd96881470a3', '{"action":"login","actor_id":"b7bab5d8-57f7-48c8-95b0-a01d3c40a238","actor_username":"oerjfkef@admin.com","actor_via_sso":false,"log_type":"account","traits":{"provider":"email"}}', '2025-09-21 02:43:44.839827+00', ''),
	('00000000-0000-0000-0000-000000000000', '275c66c4-466a-4b16-89bf-3917f3766585', '{"action":"login","actor_id":"3cc000e3-b251-41fc-8e24-fafe475e8e58","actor_username":"ryanj.kelley@icloud.com","actor_via_sso":false,"log_type":"account","traits":{"provider":"email"}}', '2025-09-21 02:44:57.425219+00', ''),
	('00000000-0000-0000-0000-000000000000', '3e8d6f5d-fa98-468d-975f-22f106fe4b01', '{"action":"login","actor_id":"3cc000e3-b251-41fc-8e24-fafe475e8e58","actor_username":"ryanj.kelley@icloud.com","actor_via_sso":false,"log_type":"account","traits":{"provider":"email"}}', '2025-09-21 02:46:34.505136+00', ''),
	('00000000-0000-0000-0000-000000000000', '255cfa68-f642-4f1c-b1e3-0929d7e47a95', '{"action":"user_signedup","actor_id":"912eafb8-80be-462b-8f62-b27a65aa8c0f","actor_username":"patientexample@example.com","actor_via_sso":false,"log_type":"team","traits":{"provider":"email"}}', '2025-09-21 02:51:40.236728+00', ''),
	('00000000-0000-0000-0000-000000000000', '5af2e1b0-3247-46ec-9881-4ee6bbbfbc14', '{"action":"login","actor_id":"912eafb8-80be-462b-8f62-b27a65aa8c0f","actor_username":"patientexample@example.com","actor_via_sso":false,"log_type":"account","traits":{"provider":"email"}}', '2025-09-21 02:51:40.242038+00', ''),
	('00000000-0000-0000-0000-000000000000', '6076b68f-9831-4e24-a878-a13da544bef9', '{"action":"login","actor_id":"3cc000e3-b251-41fc-8e24-fafe475e8e58","actor_username":"ryanj.kelley@icloud.com","actor_via_sso":false,"log_type":"account","traits":{"provider":"email"}}', '2025-09-21 03:00:23.934072+00', ''),
	('00000000-0000-0000-0000-000000000000', 'd5980ece-d915-491f-9769-4442b2209ea9', '{"action":"logout","actor_id":"3cc000e3-b251-41fc-8e24-fafe475e8e58","actor_username":"ryanj.kelley@icloud.com","actor_via_sso":false,"log_type":"account"}', '2025-09-21 03:00:27.316433+00', ''),
	('00000000-0000-0000-0000-000000000000', 'f73c5698-20e6-45cd-b470-887294aa8781', '{"action":"login","actor_id":"2af97f51-4519-489e-9e95-ce45d6eefb8d","actor_username":"ryan@ryankelleydesign.com","actor_via_sso":false,"log_type":"account","traits":{"provider":"email"}}', '2025-09-21 03:00:44.596198+00', ''),
	('00000000-0000-0000-0000-000000000000', 'd05fbc45-3481-4f00-95e3-d8b9b6052e70', '{"action":"logout","actor_id":"2af97f51-4519-489e-9e95-ce45d6eefb8d","actor_username":"ryan@ryankelleydesign.com","actor_via_sso":false,"log_type":"account"}', '2025-09-21 03:00:47.415383+00', ''),
	('00000000-0000-0000-0000-000000000000', '7ebfb25d-1b5b-4762-94ad-01fc60d37e5a', '{"action":"login","actor_id":"3cc000e3-b251-41fc-8e24-fafe475e8e58","actor_username":"ryanj.kelley@icloud.com","actor_via_sso":false,"log_type":"account","traits":{"provider":"email"}}', '2025-09-21 03:03:19.831883+00', ''),
	('00000000-0000-0000-0000-000000000000', '9fe1ad29-72c7-4056-917d-3c33474b60f5', '{"action":"logout","actor_id":"3cc000e3-b251-41fc-8e24-fafe475e8e58","actor_username":"ryanj.kelley@icloud.com","actor_via_sso":false,"log_type":"account"}', '2025-09-21 03:03:23.499409+00', ''),
	('00000000-0000-0000-0000-000000000000', '77e45a3a-a478-4234-82cf-5954e54dfa69', '{"action":"login","actor_id":"e7a7c016-9c72-455d-b8ff-aff895740969","actor_username":"anexampeadmin@exampleadmin.com","actor_via_sso":false,"log_type":"account","traits":{"provider":"email"}}', '2025-09-21 03:05:04.234408+00', ''),
	('00000000-0000-0000-0000-000000000000', 'b7c60c25-2731-471f-9a7f-9e642c31d4d1', '{"action":"token_refreshed","actor_id":"e7a7c016-9c72-455d-b8ff-aff895740969","actor_username":"anexampeadmin@exampleadmin.com","actor_via_sso":false,"log_type":"token"}', '2025-09-21 19:39:27.768215+00', ''),
	('00000000-0000-0000-0000-000000000000', '134c4c80-e8ea-4f00-b340-da7af0f0d6f9', '{"action":"token_revoked","actor_id":"e7a7c016-9c72-455d-b8ff-aff895740969","actor_username":"anexampeadmin@exampleadmin.com","actor_via_sso":false,"log_type":"token"}', '2025-09-21 19:39:27.793379+00', ''),
	('00000000-0000-0000-0000-000000000000', '6d5d4e6a-86f5-4fc7-9738-41f1373824f4', '{"action":"user_signedup","actor_id":"8560bb53-8c50-4ec9-bab1-a2e9576370cd","actor_username":"test.signup@erxample.com","actor_via_sso":false,"log_type":"team","traits":{"provider":"email"}}', '2025-09-21 19:47:26.868781+00', ''),
	('00000000-0000-0000-0000-000000000000', '7f332f6b-f87f-4b9e-a55d-0679d8bbba8a', '{"action":"login","actor_id":"8560bb53-8c50-4ec9-bab1-a2e9576370cd","actor_username":"test.signup@erxample.com","actor_via_sso":false,"log_type":"account","traits":{"provider":"email"}}', '2025-09-21 19:47:26.882809+00', ''),
	('00000000-0000-0000-0000-000000000000', '5dbd32b8-1c3b-49f3-b1a9-1b706364f92c', '{"action":"user_signedup","actor_id":"ea93c195-7a8b-4f37-b04e-ce788fe42b70","actor_username":"examplepatient@test.com","actor_via_sso":false,"log_type":"team","traits":{"provider":"email"}}', '2025-09-21 19:53:49.590175+00', ''),
	('00000000-0000-0000-0000-000000000000', '686ac3f2-8536-4aa1-bfee-f86679d01b0c', '{"action":"login","actor_id":"ea93c195-7a8b-4f37-b04e-ce788fe42b70","actor_username":"examplepatient@test.com","actor_via_sso":false,"log_type":"account","traits":{"provider":"email"}}', '2025-09-21 19:53:49.605059+00', ''),
	('00000000-0000-0000-0000-000000000000', 'e7b8f94e-cbbb-4b65-86af-71db75f675e9', '{"action":"user_repeated_signup","actor_id":"ea93c195-7a8b-4f37-b04e-ce788fe42b70","actor_username":"examplepatient@test.com","actor_via_sso":false,"log_type":"user","traits":{"provider":"email"}}', '2025-09-21 19:58:37.138001+00', ''),
	('00000000-0000-0000-0000-000000000000', '367abf0e-6a73-4f36-bb9f-14276840a107', '{"action":"user_signedup","actor_id":"b52c2305-8829-4ead-9c3d-4ac919b11161","actor_username":"databaserebuildexample@test.com","actor_via_sso":false,"log_type":"team","traits":{"provider":"email"}}', '2025-09-21 20:00:02.883084+00', ''),
	('00000000-0000-0000-0000-000000000000', '3a6134dd-5640-4709-a9e7-c6789c4ef0f8', '{"action":"login","actor_id":"b52c2305-8829-4ead-9c3d-4ac919b11161","actor_username":"databaserebuildexample@test.com","actor_via_sso":false,"log_type":"account","traits":{"provider":"email"}}', '2025-09-21 20:00:02.889895+00', '');


--
-- Data for Name: flow_state; Type: TABLE DATA; Schema: auth; Owner: supabase_auth_admin
--



--
-- Data for Name: users; Type: TABLE DATA; Schema: auth; Owner: supabase_auth_admin
--

INSERT INTO "auth"."users" ("instance_id", "id", "aud", "role", "email", "encrypted_password", "email_confirmed_at", "invited_at", "confirmation_token", "confirmation_sent_at", "recovery_token", "recovery_sent_at", "email_change_token_new", "email_change", "email_change_sent_at", "last_sign_in_at", "raw_app_meta_data", "raw_user_meta_data", "is_super_admin", "created_at", "updated_at", "phone", "phone_confirmed_at", "phone_change", "phone_change_token", "phone_change_sent_at", "email_change_token_current", "email_change_confirm_status", "banned_until", "reauthentication_token", "reauthentication_sent_at", "is_sso_user", "deleted_at", "is_anonymous") VALUES
	('00000000-0000-0000-0000-000000000000', '2af97f51-4519-489e-9e95-ce45d6eefb8d', 'authenticated', 'authenticated', 'ryan@ryankelleydesign.com', '$2a$10$1SZm1JHE9WOVq3l8RpvrHOh.2O2R2dNxivJpXOw9MpUQ.YODPesEm', '2025-08-15 07:16:10.732127+00', NULL, '', NULL, '', NULL, '', '', NULL, '2025-09-21 03:00:44.598035+00', '{"provider": "email", "providers": ["email"]}', '{"last_name": "Kelley", "user_type": "patient", "first_name": "Ryan", "email_verified": true}', NULL, '2025-08-15 07:16:10.713659+00', '2025-09-21 03:00:44.599921+00', NULL, NULL, '', '', NULL, '', 0, NULL, '', NULL, false, NULL, false),
	('00000000-0000-0000-0000-000000000000', '9bc6ae5e-d528-411b-975a-b2346519dbb5', 'authenticated', 'authenticated', 'exampleprovider@test.com', '$2a$10$AJC0u.xI3cYRTLNsMfqM5e9URBpFU7DopWViql1OkRGp.kvCI02OS', '2025-09-20 22:09:15.136746+00', NULL, '', NULL, '', NULL, '', '', NULL, '2025-09-21 00:07:11.549222+00', '{"provider": "email", "providers": ["email"]}', '{"email_verified": true}', NULL, '2025-09-20 22:09:15.097553+00', '2025-09-21 02:00:20.717305+00', NULL, NULL, '', '', NULL, '', 0, NULL, '', NULL, false, NULL, false),
	('00000000-0000-0000-0000-000000000000', '4ac09bcf-b7fc-4343-8df8-467730fa9401', 'authenticated', 'authenticated', 'oejnobn@admin.com', '$2a$10$LLxMldeDWqH3JBo0Lao8QuK1Bs54KmavabT8dtUGkNbqrxPaF0Gbu', '2025-09-21 02:01:44.542038+00', NULL, '', NULL, '', NULL, '', '', NULL, '2025-09-21 02:01:44.546643+00', '{"provider": "email", "providers": ["email"]}', '{"sub": "4ac09bcf-b7fc-4343-8df8-467730fa9401", "role": "admin", "email": "oejnobn@admin.com", "last_name": "User", "department": "General", "first_name": "Admin", "email_verified": true, "phone_verified": false}', NULL, '2025-09-21 02:01:44.527833+00', '2025-09-21 02:01:44.549366+00', NULL, NULL, '', '', NULL, '', 0, NULL, '', NULL, false, NULL, false),
	('00000000-0000-0000-0000-000000000000', 'f8090ecd-1b50-4434-a7e4-1025c04a397a', 'authenticated', 'authenticated', 'test-admin@example.com', NULL, '2025-09-21 01:00:52.498592+00', NULL, NULL, NULL, NULL, NULL, NULL, NULL, NULL, NULL, NULL, '{"role": "admin", "last_name": "Admin", "first_name": "Test"}', NULL, '2025-09-21 01:00:52.498592+00', '2025-09-21 01:00:52.498592+00', NULL, NULL, '', '', NULL, '', 0, NULL, '', NULL, false, NULL, false),
	('00000000-0000-0000-0000-000000000000', 'ce28e56f-2e9a-4350-8a65-4465a2c94e06', 'authenticated', 'authenticated', 'anexampleadmin@example.com', '$2a$10$IynOgeDg79lVEjS0lLI13.6ZsGd9C4RfiWojqFL4DJSGKVgTe59jS', '2025-09-21 01:41:23.989802+00', NULL, '', NULL, '', NULL, '', '', NULL, '2025-09-21 01:41:23.994525+00', '{"provider": "email", "providers": ["email"]}', '{"sub": "ce28e56f-2e9a-4350-8a65-4465a2c94e06", "role": "admin", "email": "anexampleadmin@example.com", "last_name": "User", "department": "General", "first_name": "Admin", "email_verified": true, "phone_verified": false}', NULL, '2025-09-21 01:41:23.981706+00', '2025-09-21 01:41:23.99897+00', NULL, NULL, '', '', NULL, '', 0, NULL, '', NULL, false, NULL, false),
	('00000000-0000-0000-0000-000000000000', 'e9a752e4-8384-4667-bf80-594fe43e3cbd', 'authenticated', 'authenticated', 'ryan@gmail.com', '$2a$10$5DtB55k6.i8XamK5qmGXkugREJdQtMGYrn9sFK2q9MNDPTpYgdZ6C', '2025-09-17 02:15:14.840551+00', NULL, '', NULL, '', NULL, '', '', NULL, '2025-09-17 04:31:36.739872+00', '{"provider": "email", "providers": ["email"]}', '{"sub": "e9a752e4-8384-4667-bf80-594fe43e3cbd", "email": "ryan@gmail.com", "full_name": "example patient", "email_verified": true, "phone_verified": false}', NULL, '2025-09-17 02:15:14.806577+00', '2025-09-17 04:31:36.786834+00', NULL, NULL, '', '', NULL, '', 0, NULL, '', NULL, false, NULL, false),
	('00000000-0000-0000-0000-000000000000', 'a0ec6f0b-797c-44ef-aa80-71d36634e389', 'authenticated', 'authenticated', 'dr.michael.davis@test.com', '$2a$10$06xq8Q0wgaj.srnMEOia/eZFmnMfW.4.8sbNb11WiJzSeWvjQsO5a', '2025-09-20 22:32:16.455897+00', NULL, '', NULL, '', NULL, '', '', NULL, '2025-09-20 23:29:21.096466+00', '{"provider": "email", "providers": ["email"]}', '{"email_verified": true}', NULL, '2025-09-20 22:32:16.444447+00', '2025-09-20 23:29:21.098307+00', NULL, NULL, '', '', NULL, '', 0, NULL, '', NULL, false, NULL, false),
	('00000000-0000-0000-0000-000000000000', 'dd32471d-dacd-4446-9f4c-255b5ec286c2', 'authenticated', 'authenticated', 'admin@admin.com', '$2a$10$SMDr41dTsR9.YZiKM7Cju.5TBMPBEmF6MGfITHHsKlTGSxmLdB/gS', '2025-09-21 02:05:47.100817+00', NULL, '', NULL, '', NULL, '', '', NULL, '2025-09-21 02:05:47.112978+00', '{"provider": "email", "providers": ["email"]}', '{"sub": "dd32471d-dacd-4446-9f4c-255b5ec286c2", "role": "admin", "email": "admin@admin.com", "last_name": "User", "department": "General", "first_name": "Admin", "email_verified": true, "phone_verified": false}', NULL, '2025-09-21 02:05:47.075661+00', '2025-09-21 02:05:47.124387+00', NULL, NULL, '', '', NULL, '', 0, NULL, '', NULL, false, NULL, false),
	('00000000-0000-0000-0000-000000000000', '43cbc763-6df8-4f9a-a1e2-9e1d301b4530', 'authenticated', 'authenticated', 'anotherexampleadmin@example.com', '$2a$10$vjkJYbNv27Dj6HbN10PVNuVmfo57tMWouCvVUAnEB0e85d5I2bUWy', '2025-09-21 01:56:19.481943+00', NULL, '', NULL, '', NULL, '', '', NULL, '2025-09-21 01:56:19.495405+00', '{"provider": "email", "providers": ["email"]}', '{"sub": "43cbc763-6df8-4f9a-a1e2-9e1d301b4530", "role": "admin", "email": "anotherexampleadmin@example.com", "last_name": "User", "department": "General", "first_name": "Admin", "email_verified": true, "phone_verified": false}', NULL, '2025-09-21 01:56:19.440074+00', '2025-09-21 01:56:19.521497+00', NULL, NULL, '', '', NULL, '', 0, NULL, '', NULL, false, NULL, false),
	('00000000-0000-0000-0000-000000000000', '08631a2c-4bc2-488d-900b-31fb40facad7', 'authenticated', 'authenticated', 'example@test.com', '$2a$10$uH7zlpmcXbIMuxjfTDdLM.q4Yszvm582/tqitZWATu7VArdOz8Gdq', '2025-09-20 23:04:48.832503+00', NULL, '', NULL, '', NULL, '', '', NULL, '2025-09-20 23:04:48.843521+00', '{"provider": "email", "providers": ["email"]}', '{"sub": "08631a2c-4bc2-488d-900b-31fb40facad7", "email": "example@test.com", "email_verified": true, "phone_verified": false}', NULL, '2025-09-20 23:04:48.80395+00', '2025-09-20 23:04:48.845314+00', NULL, NULL, '', '', NULL, '', 0, NULL, '', NULL, false, NULL, false),
	('00000000-0000-0000-0000-000000000000', '6818392e-4ed5-42f3-a693-4f08cbd909fb', 'authenticated', 'authenticated', 'adminexample@example.com', '$2a$10$aFAf1m/P4uiqHpHihuXmu.97ctQOrjk2pCACTFEVU6u9iWhXQIOcu', '2025-09-21 01:47:57.692049+00', NULL, '', NULL, '', NULL, '', '', NULL, '2025-09-21 01:47:57.695527+00', '{"provider": "email", "providers": ["email"]}', '{"sub": "6818392e-4ed5-42f3-a693-4f08cbd909fb", "role": "admin", "email": "adminexample@example.com", "last_name": "User", "department": "General", "first_name": "Admin", "email_verified": true, "phone_verified": false}', NULL, '2025-09-21 01:47:57.678966+00', '2025-09-21 01:47:57.699047+00', NULL, NULL, '', '', NULL, '', 0, NULL, '', NULL, false, NULL, false),
	('00000000-0000-0000-0000-000000000000', '1a97bfda-b238-45a1-96f1-e0ccb2f82f8d', 'authenticated', 'authenticated', 'randomadmin@example.com', '$2a$10$AqX.VrDGeaBLOLYdo9o6E.5Agh1DiKyXV7/EOPnDw.yFNtdf5QoNO', '2025-09-21 01:57:59.742338+00', NULL, '', NULL, '', NULL, '', '', NULL, '2025-09-21 01:57:59.746295+00', '{"provider": "email", "providers": ["email"]}', '{"sub": "1a97bfda-b238-45a1-96f1-e0ccb2f82f8d", "role": "admin", "email": "randomadmin@example.com", "last_name": "User", "department": "General", "first_name": "Admin", "email_verified": true, "phone_verified": false}', NULL, '2025-09-21 01:57:59.732352+00', '2025-09-21 01:57:59.748887+00', NULL, NULL, '', '', NULL, '', 0, NULL, '', NULL, false, NULL, false),
	('00000000-0000-0000-0000-000000000000', '3cc000e3-b251-41fc-8e24-fafe475e8e58', 'authenticated', 'authenticated', 'ryanj.kelley@icloud.com', '$2a$10$F19uXcPzWS88.kleXw04A.xXCeWJEiqMkloYFVNWHdaZ3t4/7vE5q', '2025-08-14 04:58:18.543969+00', NULL, '', NULL, '', NULL, '', '', NULL, '2025-09-21 03:03:19.84608+00', '{"provider": "email", "providers": ["email"]}', '{"last_name": "Kelley", "user_type": "admin", "first_name": "Ryan", "email_verified": true}', NULL, '2025-08-14 04:58:18.536328+00', '2025-09-21 03:03:19.891874+00', NULL, NULL, '', '', NULL, '', 0, NULL, '', NULL, false, NULL, false),
	('00000000-0000-0000-0000-000000000000', 'e7a7c016-9c72-455d-b8ff-aff895740969', 'authenticated', 'authenticated', 'anexampeadmin@exampleadmin.com', '$2a$10$nnbErb16uxUpj30MTZcVZu3x4rbfG9yzcMcKf3M/W87HU/81WrJ1i', '2025-09-21 02:24:42.825206+00', NULL, '', NULL, '', NULL, '', '', NULL, '2025-09-21 03:05:04.235478+00', '{"provider": "email", "providers": ["email"]}', '{"sub": "e7a7c016-9c72-455d-b8ff-aff895740969", "role": "admin", "email": "anexampeadmin@exampleadmin.com", "last_name": "User", "department": "General", "first_name": "Admin", "email_verified": true, "phone_verified": false}', NULL, '2025-09-21 02:24:42.752136+00', '2025-09-21 19:39:27.824606+00', NULL, NULL, '', '', NULL, '', 0, NULL, '', NULL, false, NULL, false),
	('00000000-0000-0000-0000-000000000000', '22957f2f-51bb-43b0-b0a7-c0fc4e0c018d', 'authenticated', 'authenticated', 'adminaccount@example.com', '$2a$10$CnGa0lNzMpkk9P/IWgszB.sv.ryWUJv8kihqEUHKaHnJFgvAGytTK', '2025-09-21 02:11:26.436723+00', NULL, '', NULL, '', NULL, '', '', NULL, '2025-09-21 02:11:26.447892+00', '{"provider": "email", "providers": ["email"]}', '{"sub": "22957f2f-51bb-43b0-b0a7-c0fc4e0c018d", "role": "admin", "email": "adminaccount@example.com", "last_name": "User", "department": "General", "first_name": "Admin", "email_verified": true, "phone_verified": false}', NULL, '2025-09-21 02:11:26.419875+00', '2025-09-21 02:11:26.460401+00', NULL, NULL, '', '', NULL, '', 0, NULL, '', NULL, false, NULL, false),
	('00000000-0000-0000-0000-000000000000', 'beaeaf6f-df91-4993-8b78-b24bb4b730c6', 'authenticated', 'authenticated', 'anotheradmin@admin.com', '$2a$10$xSlndR00.oARmjx1dg3Ls.Tlb0wzN5CgSsG4sYNeYi/WwQq9hb7bm', '2025-09-21 02:31:56.004042+00', NULL, '', NULL, '', NULL, '', '', NULL, '2025-09-21 02:31:56.016417+00', '{"provider": "email", "providers": ["email"]}', '{"sub": "beaeaf6f-df91-4993-8b78-b24bb4b730c6", "role": "admin", "email": "anotheradmin@admin.com", "last_name": "User", "department": "General", "first_name": "Admin", "email_verified": true, "phone_verified": false}', NULL, '2025-09-21 02:31:55.964776+00', '2025-09-21 02:31:56.031077+00', NULL, NULL, '', '', NULL, '', 0, NULL, '', NULL, false, NULL, false),
	('00000000-0000-0000-0000-000000000000', '8560bb53-8c50-4ec9-bab1-a2e9576370cd', 'authenticated', 'authenticated', 'test.signup@erxample.com', '$2a$10$6WineO9h0WmlnZ4re0V7DO5Wf292TMTeH0DH2Oo3urqBBK3kGZxQ.', '2025-09-21 19:47:26.872016+00', NULL, '', NULL, '', NULL, '', '', NULL, '2025-09-21 19:47:26.883474+00', '{"provider": "email", "providers": ["email"]}', '{"sub": "8560bb53-8c50-4ec9-bab1-a2e9576370cd", "role": "patient", "email": "test.signup@erxample.com", "phone": "555-1234", "last_name": "signup", "first_name": "test", "email_verified": true, "phone_verified": false}', NULL, '2025-09-21 19:47:26.813433+00', '2025-09-21 19:47:26.899662+00', NULL, NULL, '', '', NULL, '', 0, NULL, '', NULL, false, NULL, false),
	('00000000-0000-0000-0000-000000000000', 'ed532a37-9a08-4666-9da2-1a189280b927', 'authenticated', 'authenticated', 'yetanotheradmin@admin.com', '$2a$10$oOuQeDbezOQJU63mJGBdNe8ghs9VugCa/IARAXJV3ycbwPBYwsXXO', '2025-09-21 02:13:50.499373+00', NULL, '', NULL, '', NULL, '', '', NULL, '2025-09-21 02:13:50.504132+00', '{"provider": "email", "providers": ["email"]}', '{"sub": "ed532a37-9a08-4666-9da2-1a189280b927", "role": "admin", "email": "yetanotheradmin@admin.com", "last_name": "User", "department": "General", "first_name": "Admin", "email_verified": true, "phone_verified": false}', NULL, '2025-09-21 02:13:50.491979+00', '2025-09-21 02:13:50.506914+00', NULL, NULL, '', '', NULL, '', 0, NULL, '', NULL, false, NULL, false),
	('00000000-0000-0000-0000-000000000000', '9cfb506c-393b-455f-85e3-c68301173a1f', 'authenticated', 'authenticated', 'adminloading@example.com', '$2a$10$iX5xDl73XlYcRLwpt6D7KOG/WjV3cP5mkdRY/1ZFxV.PhBfNNnDne', '2025-09-21 02:28:55.077881+00', NULL, '', NULL, '', NULL, '', '', NULL, '2025-09-21 02:28:55.081317+00', '{"provider": "email", "providers": ["email"]}', '{"sub": "9cfb506c-393b-455f-85e3-c68301173a1f", "role": "admin", "email": "adminloading@example.com", "last_name": "User", "department": "General", "first_name": "Admin", "email_verified": true, "phone_verified": false}', NULL, '2025-09-21 02:28:55.069396+00', '2025-09-21 02:28:55.083862+00', NULL, NULL, '', '', NULL, '', 0, NULL, '', NULL, false, NULL, false),
	('00000000-0000-0000-0000-000000000000', '3a965dd8-c9dc-415c-a071-5c5522590927', 'authenticated', 'authenticated', 'adminsadmin@admin.com', '$2a$10$LLl6kSRri0QRpNB8NzAjYuFIqGaUkrlgOgB/FcTNzOQF.4WByy.dK', '2025-09-21 02:33:56.631751+00', NULL, '', NULL, '', NULL, '', '', NULL, '2025-09-21 02:33:56.638944+00', '{"provider": "email", "providers": ["email"]}', '{"sub": "3a965dd8-c9dc-415c-a071-5c5522590927", "role": "admin", "email": "adminsadmin@admin.com", "last_name": "User", "department": "General", "first_name": "Admin", "email_verified": true, "phone_verified": false}', NULL, '2025-09-21 02:33:56.620258+00', '2025-09-21 02:33:56.646703+00', NULL, NULL, '', '', NULL, '', 0, NULL, '', NULL, false, NULL, false),
	('00000000-0000-0000-0000-000000000000', 'b7bab5d8-57f7-48c8-95b0-a01d3c40a238', 'authenticated', 'authenticated', 'oerjfkef@admin.com', '$2a$10$T6zfNlrodL9vqbNalR.8KevsYUpLWrTPypUBy7RGUB0i.LLDWkx9O', '2025-09-21 02:35:52.394632+00', NULL, '', NULL, '', NULL, '', '', NULL, '2025-09-21 02:43:44.840881+00', '{"provider": "email", "providers": ["email"]}', '{"sub": "b7bab5d8-57f7-48c8-95b0-a01d3c40a238", "role": "admin", "email": "oerjfkef@admin.com", "last_name": "User", "department": "General", "first_name": "Admin", "email_verified": true, "phone_verified": false}', NULL, '2025-09-21 02:35:52.387786+00', '2025-09-21 02:43:44.843415+00', NULL, NULL, '', '', NULL, '', 0, NULL, '', NULL, false, NULL, false),
	('00000000-0000-0000-0000-000000000000', 'ea93c195-7a8b-4f37-b04e-ce788fe42b70', 'authenticated', 'authenticated', 'examplepatient@test.com', '$2a$10$AeYYSZAvQz0hKQ5dFrNCkuNn.9RP0tSuHBheaabnivMiID80WZrS6', '2025-09-21 19:53:49.5932+00', NULL, '', NULL, '', NULL, '', '', NULL, '2025-09-21 19:53:49.605694+00', '{"provider": "email", "providers": ["email"]}', '{"sub": "ea93c195-7a8b-4f37-b04e-ce788fe42b70", "role": "patient", "email": "examplepatient@test.com", "phone": "1234567890", "last_name": "patient", "first_name": "example", "email_verified": true, "phone_verified": false}', NULL, '2025-09-21 19:53:49.526941+00', '2025-09-21 19:53:49.620097+00', NULL, NULL, '', '', NULL, '', 0, NULL, '', NULL, false, NULL, false),
	('00000000-0000-0000-0000-000000000000', '912eafb8-80be-462b-8f62-b27a65aa8c0f', 'authenticated', 'authenticated', 'patientexample@example.com', '$2a$10$Me8B5oy.jehXT4X.x6GNy.RoqvjeQdMMe8.Hf5bRo8WiRJRsnld6y', '2025-09-21 02:51:40.237534+00', NULL, '', NULL, '', NULL, '', '', NULL, '2025-09-21 02:51:40.24269+00', '{"provider": "email", "providers": ["email"]}', '{"sub": "912eafb8-80be-462b-8f62-b27a65aa8c0f", "role": "patient", "email": "patientexample@example.com", "last_name": "User", "first_name": "Patient", "email_verified": true, "phone_verified": false}', NULL, '2025-09-21 02:51:40.225079+00', '2025-09-21 02:51:40.245347+00', NULL, NULL, '', '', NULL, '', 0, NULL, '', NULL, false, NULL, false),
	('00000000-0000-0000-0000-000000000000', 'b52c2305-8829-4ead-9c3d-4ac919b11161', 'authenticated', 'authenticated', 'databaserebuildexample@test.com', '$2a$10$gjBk1CqN0PNZi7b5fKN8ZepN9o8ZlEt0R0.GmKrqV2SshdtPolO3C', '2025-09-21 20:00:02.884372+00', NULL, '', NULL, '', NULL, '', '', NULL, '2025-09-21 20:00:02.890519+00', '{"provider": "email", "providers": ["email"]}', '{"sub": "b52c2305-8829-4ead-9c3d-4ac919b11161", "role": "patient", "email": "databaserebuildexample@test.com", "phone": "1234567890", "last_name": "patient", "first_name": "kwejnkjwen", "email_verified": true, "phone_verified": false}', NULL, '2025-09-21 20:00:02.867508+00', '2025-09-21 20:00:02.893989+00', NULL, NULL, '', '', NULL, '', 0, NULL, '', NULL, false, NULL, false);


--
-- Data for Name: identities; Type: TABLE DATA; Schema: auth; Owner: supabase_auth_admin
--

INSERT INTO "auth"."identities" ("provider_id", "user_id", "identity_data", "provider", "last_sign_in_at", "created_at", "updated_at", "id") VALUES
	('3cc000e3-b251-41fc-8e24-fafe475e8e58', '3cc000e3-b251-41fc-8e24-fafe475e8e58', '{"sub": "3cc000e3-b251-41fc-8e24-fafe475e8e58", "email": "ryanj.kelley@icloud.com", "email_verified": false, "phone_verified": false}', 'email', '2025-08-14 04:58:18.539923+00', '2025-08-14 04:58:18.539983+00', '2025-08-14 04:58:18.539983+00', 'f2d910f1-4044-4e9e-87b5-e7b8adc75d90'),
	('2af97f51-4519-489e-9e95-ce45d6eefb8d', '2af97f51-4519-489e-9e95-ce45d6eefb8d', '{"sub": "2af97f51-4519-489e-9e95-ce45d6eefb8d", "email": "ryan@ryankelleydesign.com", "email_verified": false, "phone_verified": false}', 'email', '2025-08-15 07:16:10.727978+00', '2025-08-15 07:16:10.728043+00', '2025-08-15 07:16:10.728043+00', '5daa1883-c610-4965-8cb0-2dac461a23bb'),
	('e9a752e4-8384-4667-bf80-594fe43e3cbd', 'e9a752e4-8384-4667-bf80-594fe43e3cbd', '{"sub": "e9a752e4-8384-4667-bf80-594fe43e3cbd", "email": "ryan@gmail.com", "full_name": "example patient", "email_verified": false, "phone_verified": false}', 'email', '2025-09-17 02:15:14.828883+00', '2025-09-17 02:15:14.828936+00', '2025-09-17 02:15:14.828936+00', '6e8f6032-1947-48bb-a35d-03cf17714592'),
	('9bc6ae5e-d528-411b-975a-b2346519dbb5', '9bc6ae5e-d528-411b-975a-b2346519dbb5', '{"sub": "9bc6ae5e-d528-411b-975a-b2346519dbb5", "email": "exampleprovider@test.com", "email_verified": false, "phone_verified": false}', 'email', '2025-09-20 22:09:15.118675+00', '2025-09-20 22:09:15.118736+00', '2025-09-20 22:09:15.118736+00', '2ee12100-12a0-49d2-9cc0-fbf4f81376cc'),
	('a0ec6f0b-797c-44ef-aa80-71d36634e389', 'a0ec6f0b-797c-44ef-aa80-71d36634e389', '{"sub": "a0ec6f0b-797c-44ef-aa80-71d36634e389", "email": "dr.michael.davis@test.com", "email_verified": false, "phone_verified": false}', 'email', '2025-09-20 22:32:16.452094+00', '2025-09-20 22:32:16.452152+00', '2025-09-20 22:32:16.452152+00', '4d7c7a19-6dd5-4d54-a2ed-f84238ebd887'),
	('08631a2c-4bc2-488d-900b-31fb40facad7', '08631a2c-4bc2-488d-900b-31fb40facad7', '{"sub": "08631a2c-4bc2-488d-900b-31fb40facad7", "email": "example@test.com", "email_verified": false, "phone_verified": false}', 'email', '2025-09-20 23:04:48.824595+00', '2025-09-20 23:04:48.824661+00', '2025-09-20 23:04:48.824661+00', '59883c99-cb31-44e3-a77b-4c617d601c53'),
	('ce28e56f-2e9a-4350-8a65-4465a2c94e06', 'ce28e56f-2e9a-4350-8a65-4465a2c94e06', '{"sub": "ce28e56f-2e9a-4350-8a65-4465a2c94e06", "role": "admin", "email": "anexampleadmin@example.com", "last_name": "User", "department": "General", "first_name": "Admin", "email_verified": false, "phone_verified": false}', 'email', '2025-09-21 01:41:23.985331+00', '2025-09-21 01:41:23.985392+00', '2025-09-21 01:41:23.985392+00', 'ee378805-20a7-4aae-af8e-02e673348dc0'),
	('6818392e-4ed5-42f3-a693-4f08cbd909fb', '6818392e-4ed5-42f3-a693-4f08cbd909fb', '{"sub": "6818392e-4ed5-42f3-a693-4f08cbd909fb", "role": "admin", "email": "adminexample@example.com", "last_name": "User", "department": "General", "first_name": "Admin", "email_verified": false, "phone_verified": false}', 'email', '2025-09-21 01:47:57.684244+00', '2025-09-21 01:47:57.688138+00', '2025-09-21 01:47:57.688138+00', 'c7ccdfb5-fecb-4b9a-9798-e18e2bf3902a'),
	('43cbc763-6df8-4f9a-a1e2-9e1d301b4530', '43cbc763-6df8-4f9a-a1e2-9e1d301b4530', '{"sub": "43cbc763-6df8-4f9a-a1e2-9e1d301b4530", "role": "admin", "email": "anotherexampleadmin@example.com", "last_name": "User", "department": "General", "first_name": "Admin", "email_verified": false, "phone_verified": false}', 'email', '2025-09-21 01:56:19.460836+00', '2025-09-21 01:56:19.460892+00', '2025-09-21 01:56:19.460892+00', 'b07082d2-9163-457d-b044-7743e2eae6b1'),
	('1a97bfda-b238-45a1-96f1-e0ccb2f82f8d', '1a97bfda-b238-45a1-96f1-e0ccb2f82f8d', '{"sub": "1a97bfda-b238-45a1-96f1-e0ccb2f82f8d", "role": "admin", "email": "randomadmin@example.com", "last_name": "User", "department": "General", "first_name": "Admin", "email_verified": false, "phone_verified": false}', 'email', '2025-09-21 01:57:59.737032+00', '2025-09-21 01:57:59.737077+00', '2025-09-21 01:57:59.737077+00', '0d32f455-041e-4c08-b317-d74d9d27528f'),
	('4ac09bcf-b7fc-4343-8df8-467730fa9401', '4ac09bcf-b7fc-4343-8df8-467730fa9401', '{"sub": "4ac09bcf-b7fc-4343-8df8-467730fa9401", "role": "admin", "email": "oejnobn@admin.com", "last_name": "User", "department": "General", "first_name": "Admin", "email_verified": false, "phone_verified": false}', 'email', '2025-09-21 02:01:44.536119+00', '2025-09-21 02:01:44.536169+00', '2025-09-21 02:01:44.536169+00', '9867f4b7-115c-4be7-aa11-4757e79769e1'),
	('dd32471d-dacd-4446-9f4c-255b5ec286c2', 'dd32471d-dacd-4446-9f4c-255b5ec286c2', '{"sub": "dd32471d-dacd-4446-9f4c-255b5ec286c2", "role": "admin", "email": "admin@admin.com", "last_name": "User", "department": "General", "first_name": "Admin", "email_verified": false, "phone_verified": false}', 'email', '2025-09-21 02:05:47.089516+00', '2025-09-21 02:05:47.089571+00', '2025-09-21 02:05:47.089571+00', 'd5acee0b-9a8d-4fa7-91d7-528e4126156b'),
	('22957f2f-51bb-43b0-b0a7-c0fc4e0c018d', '22957f2f-51bb-43b0-b0a7-c0fc4e0c018d', '{"sub": "22957f2f-51bb-43b0-b0a7-c0fc4e0c018d", "role": "admin", "email": "adminaccount@example.com", "last_name": "User", "department": "General", "first_name": "Admin", "email_verified": false, "phone_verified": false}', 'email', '2025-09-21 02:11:26.429534+00', '2025-09-21 02:11:26.429582+00', '2025-09-21 02:11:26.429582+00', 'd54973b9-12ca-4610-97b2-8c039f61a397'),
	('ed532a37-9a08-4666-9da2-1a189280b927', 'ed532a37-9a08-4666-9da2-1a189280b927', '{"sub": "ed532a37-9a08-4666-9da2-1a189280b927", "role": "admin", "email": "yetanotheradmin@admin.com", "last_name": "User", "department": "General", "first_name": "Admin", "email_verified": false, "phone_verified": false}', 'email', '2025-09-21 02:13:50.495464+00', '2025-09-21 02:13:50.495514+00', '2025-09-21 02:13:50.495514+00', 'ccef3de5-362c-4abf-9e8f-ff78d206b448'),
	('e7a7c016-9c72-455d-b8ff-aff895740969', 'e7a7c016-9c72-455d-b8ff-aff895740969', '{"sub": "e7a7c016-9c72-455d-b8ff-aff895740969", "role": "admin", "email": "anexampeadmin@exampleadmin.com", "last_name": "User", "department": "General", "first_name": "Admin", "email_verified": false, "phone_verified": false}', 'email', '2025-09-21 02:24:42.797461+00', '2025-09-21 02:24:42.797524+00', '2025-09-21 02:24:42.797524+00', '0dbdb7be-6c74-4c86-9735-a27041e35e43'),
	('9cfb506c-393b-455f-85e3-c68301173a1f', '9cfb506c-393b-455f-85e3-c68301173a1f', '{"sub": "9cfb506c-393b-455f-85e3-c68301173a1f", "role": "admin", "email": "adminloading@example.com", "last_name": "User", "department": "General", "first_name": "Admin", "email_verified": false, "phone_verified": false}', 'email', '2025-09-21 02:28:55.074452+00', '2025-09-21 02:28:55.074497+00', '2025-09-21 02:28:55.074497+00', 'ffb73971-5d2c-4275-807c-69a19028f481'),
	('beaeaf6f-df91-4993-8b78-b24bb4b730c6', 'beaeaf6f-df91-4993-8b78-b24bb4b730c6', '{"sub": "beaeaf6f-df91-4993-8b78-b24bb4b730c6", "role": "admin", "email": "anotheradmin@admin.com", "last_name": "User", "department": "General", "first_name": "Admin", "email_verified": false, "phone_verified": false}', 'email', '2025-09-21 02:31:55.989448+00', '2025-09-21 02:31:55.989502+00', '2025-09-21 02:31:55.989502+00', '0516cb72-bbeb-4dfe-8aec-d77baf8b3fa6'),
	('3a965dd8-c9dc-415c-a071-5c5522590927', '3a965dd8-c9dc-415c-a071-5c5522590927', '{"sub": "3a965dd8-c9dc-415c-a071-5c5522590927", "role": "admin", "email": "adminsadmin@admin.com", "last_name": "User", "department": "General", "first_name": "Admin", "email_verified": false, "phone_verified": false}', 'email', '2025-09-21 02:33:56.62513+00', '2025-09-21 02:33:56.625181+00', '2025-09-21 02:33:56.625181+00', '2bb476e0-2e97-42e5-81f7-d1ea659da415'),
	('b7bab5d8-57f7-48c8-95b0-a01d3c40a238', 'b7bab5d8-57f7-48c8-95b0-a01d3c40a238', '{"sub": "b7bab5d8-57f7-48c8-95b0-a01d3c40a238", "role": "admin", "email": "oerjfkef@admin.com", "last_name": "User", "department": "General", "first_name": "Admin", "email_verified": false, "phone_verified": false}', 'email', '2025-09-21 02:35:52.391308+00', '2025-09-21 02:35:52.391354+00', '2025-09-21 02:35:52.391354+00', '084ddba0-26db-4f01-8204-4d03eea7dabc'),
	('912eafb8-80be-462b-8f62-b27a65aa8c0f', '912eafb8-80be-462b-8f62-b27a65aa8c0f', '{"sub": "912eafb8-80be-462b-8f62-b27a65aa8c0f", "role": "patient", "email": "patientexample@example.com", "last_name": "User", "first_name": "Patient", "email_verified": false, "phone_verified": false}', 'email', '2025-09-21 02:51:40.233062+00', '2025-09-21 02:51:40.23313+00', '2025-09-21 02:51:40.23313+00', '16c323f0-987f-439b-bb3b-4a1f1b4c4e7b'),
	('8560bb53-8c50-4ec9-bab1-a2e9576370cd', '8560bb53-8c50-4ec9-bab1-a2e9576370cd', '{"sub": "8560bb53-8c50-4ec9-bab1-a2e9576370cd", "role": "patient", "email": "test.signup@erxample.com", "phone": "555-1234", "last_name": "signup", "first_name": "test", "email_verified": false, "phone_verified": false}', 'email', '2025-09-21 19:47:26.860678+00', '2025-09-21 19:47:26.860732+00', '2025-09-21 19:47:26.860732+00', '57d8adbe-614b-46fe-9cfd-5b81ddae0268'),
	('ea93c195-7a8b-4f37-b04e-ce788fe42b70', 'ea93c195-7a8b-4f37-b04e-ce788fe42b70', '{"sub": "ea93c195-7a8b-4f37-b04e-ce788fe42b70", "role": "patient", "email": "examplepatient@test.com", "phone": "1234567890", "last_name": "patient", "first_name": "example", "email_verified": false, "phone_verified": false}', 'email', '2025-09-21 19:53:49.568597+00', '2025-09-21 19:53:49.568664+00', '2025-09-21 19:53:49.568664+00', 'a1ccda43-d40b-4e38-9e50-8355471fa3bf'),
	('b52c2305-8829-4ead-9c3d-4ac919b11161', 'b52c2305-8829-4ead-9c3d-4ac919b11161', '{"sub": "b52c2305-8829-4ead-9c3d-4ac919b11161", "role": "patient", "email": "databaserebuildexample@test.com", "phone": "1234567890", "last_name": "patient", "first_name": "kwejnkjwen", "email_verified": false, "phone_verified": false}', 'email', '2025-09-21 20:00:02.878722+00', '2025-09-21 20:00:02.878784+00', '2025-09-21 20:00:02.878784+00', 'a6a7fbcc-6130-4e59-84b8-86bcaf1ff221');


--
-- Data for Name: instances; Type: TABLE DATA; Schema: auth; Owner: supabase_auth_admin
--



--
-- Data for Name: sessions; Type: TABLE DATA; Schema: auth; Owner: supabase_auth_admin
--

INSERT INTO "auth"."sessions" ("id", "user_id", "created_at", "updated_at", "factor_id", "aal", "not_after", "refreshed_at", "user_agent", "ip", "tag") VALUES
	('84fa12fd-3909-4221-bbc4-ee1e907132b6', 'a0ec6f0b-797c-44ef-aa80-71d36634e389', '2025-09-20 23:29:21.09655+00', '2025-09-20 23:29:21.09655+00', NULL, 'aal1', NULL, NULL, 'Mozilla/5.0 (Macintosh; Intel Mac OS X 10_15_7) AppleWebKit/537.36 (KHTML, like Gecko) Chrome/140.0.0.0 Safari/537.36', '98.37.156.151', NULL),
	('eb62bbc4-9ee7-4c98-aaff-f0eb5ccf6133', '9bc6ae5e-d528-411b-975a-b2346519dbb5', '2025-09-20 23:42:01.673543+00', '2025-09-20 23:42:01.673543+00', NULL, 'aal1', NULL, NULL, 'Mozilla/5.0 (Macintosh; Intel Mac OS X 10_15_7) AppleWebKit/537.36 (KHTML, like Gecko) Chrome/140.0.0.0 Safari/537.36', '98.37.156.151', NULL),
	('c3c9099e-8201-47d2-8ba6-ca63c2b00511', '9bc6ae5e-d528-411b-975a-b2346519dbb5', '2025-09-20 23:43:58.14135+00', '2025-09-20 23:43:58.14135+00', NULL, 'aal1', NULL, NULL, 'Mozilla/5.0 (Macintosh; Intel Mac OS X 10_15_7) AppleWebKit/537.36 (KHTML, like Gecko) Chrome/140.0.0.0 Safari/537.36', '98.37.156.151', NULL),
	('b940a2a2-7167-4059-a211-e493140d53a2', '9bc6ae5e-d528-411b-975a-b2346519dbb5', '2025-09-20 23:45:23.323309+00', '2025-09-20 23:45:23.323309+00', NULL, 'aal1', NULL, NULL, 'Mozilla/5.0 (Macintosh; Intel Mac OS X 10_15_7) AppleWebKit/537.36 (KHTML, like Gecko) Chrome/140.0.0.0 Safari/537.36', '98.37.156.151', NULL),
	('b7e53117-4ef6-4399-a6d1-da65db25f6da', '9bc6ae5e-d528-411b-975a-b2346519dbb5', '2025-09-20 23:45:53.377381+00', '2025-09-20 23:45:53.377381+00', NULL, 'aal1', NULL, NULL, 'Mozilla/5.0 (Macintosh; Intel Mac OS X 10_15_7) AppleWebKit/537.36 (KHTML, like Gecko) Chrome/140.0.0.0 Safari/537.36', '98.37.156.151', NULL),
	('87a633be-0584-489a-853a-75f85722c8ba', '9bc6ae5e-d528-411b-975a-b2346519dbb5', '2025-09-21 00:02:42.700912+00', '2025-09-21 00:02:42.700912+00', NULL, 'aal1', NULL, NULL, 'Mozilla/5.0 (Macintosh; Intel Mac OS X 10_15_7) AppleWebKit/537.36 (KHTML, like Gecko) Chrome/140.0.0.0 Safari/537.36', '98.37.156.151', NULL),
	('e3102069-eb69-4d77-afe8-1df2b8910597', '9bc6ae5e-d528-411b-975a-b2346519dbb5', '2025-09-20 23:45:36.053471+00', '2025-09-21 01:23:23.635842+00', NULL, 'aal1', NULL, '2025-09-21 01:23:23.635753', 'Mozilla/5.0 (Linux; Android 6.0; Nexus 5 Build/MRA58N) AppleWebKit/537.36 (KHTML, like Gecko) Chrome/140.0.0.0 Mobile Safari/537.36', '98.37.156.151', NULL),
	('61fff382-4067-40d3-9c49-abbcd9b50133', '9bc6ae5e-d528-411b-975a-b2346519dbb5', '2025-09-20 23:55:30.499225+00', '2025-09-21 01:40:07.68776+00', NULL, 'aal1', NULL, '2025-09-21 01:40:07.681933', 'Mozilla/5.0 (Macintosh; Intel Mac OS X 10_15_7) AppleWebKit/537.36 (KHTML, like Gecko) Chrome/140.0.0.0 Safari/537.36', '98.37.156.151', NULL),
	('8b911f34-aec6-4d07-a1c1-d0009ce16dfc', 'ce28e56f-2e9a-4350-8a65-4465a2c94e06', '2025-09-21 01:41:23.99519+00', '2025-09-21 01:41:23.99519+00', NULL, 'aal1', NULL, NULL, 'Mozilla/5.0 (Macintosh; Intel Mac OS X 10_15_7) AppleWebKit/537.36 (KHTML, like Gecko) Chrome/140.0.0.0 Safari/537.36', '98.37.156.151', NULL),
	('402f38ea-fbf3-4de8-b6e6-e9ab3a93b509', '9bc6ae5e-d528-411b-975a-b2346519dbb5', '2025-09-20 23:58:10.015388+00', '2025-09-21 01:46:53.2248+00', NULL, 'aal1', NULL, '2025-09-21 01:46:53.224731', 'Mozilla/5.0 (Macintosh; Intel Mac OS X 10_15_7) AppleWebKit/537.36 (KHTML, like Gecko) Chrome/140.0.0.0 Safari/537.36', '98.37.156.151', NULL),
	('75f76def-f618-479f-8b08-b422144a59d6', '6818392e-4ed5-42f3-a693-4f08cbd909fb', '2025-09-21 01:47:57.695599+00', '2025-09-21 01:47:57.695599+00', NULL, 'aal1', NULL, NULL, 'Mozilla/5.0 (Macintosh; Intel Mac OS X 10_15_7) AppleWebKit/537.36 (KHTML, like Gecko) Chrome/140.0.0.0 Safari/537.36', '98.37.156.151', NULL),
	('f02dcfc6-5dc5-4f0d-9c3b-58421c7f8122', '1a97bfda-b238-45a1-96f1-e0ccb2f82f8d', '2025-09-21 01:57:59.746376+00', '2025-09-21 01:57:59.746376+00', NULL, 'aal1', NULL, NULL, 'Mozilla/5.0 (Linux; Android 6.0; Nexus 5 Build/MRA58N) AppleWebKit/537.36 (KHTML, like Gecko) Chrome/140.0.0.0 Mobile Safari/537.36', '98.37.156.151', NULL),
	('3c041af1-cff1-43ca-bf17-16d1a7fb87b9', '9bc6ae5e-d528-411b-975a-b2346519dbb5', '2025-09-21 00:07:11.54995+00', '2025-09-21 02:00:20.7187+00', NULL, 'aal1', NULL, '2025-09-21 02:00:20.718631', 'Mozilla/5.0 (Linux; Android 6.0; Nexus 5 Build/MRA58N) AppleWebKit/537.36 (KHTML, like Gecko) Chrome/140.0.0.0 Mobile Safari/537.36', '98.37.156.151', NULL),
	('a5f5c4ac-c22b-4891-b8b7-901da3021c57', '4ac09bcf-b7fc-4343-8df8-467730fa9401', '2025-09-21 02:01:44.546713+00', '2025-09-21 02:01:44.546713+00', NULL, 'aal1', NULL, NULL, 'Mozilla/5.0 (Linux; Android 6.0; Nexus 5 Build/MRA58N) AppleWebKit/537.36 (KHTML, like Gecko) Chrome/140.0.0.0 Mobile Safari/537.36', '98.37.156.151', NULL),
	('edd1dd5a-3a17-4858-911a-6dfbe76ffa1b', 'dd32471d-dacd-4446-9f4c-255b5ec286c2', '2025-09-21 02:05:47.114575+00', '2025-09-21 02:05:47.114575+00', NULL, 'aal1', NULL, NULL, 'Mozilla/5.0 (Macintosh; Intel Mac OS X 10_15_7) AppleWebKit/537.36 (KHTML, like Gecko) Chrome/140.0.0.0 Safari/537.36', '98.37.156.151', NULL),
	('f1108356-be8e-4563-a0b4-960d9b7a877d', '22957f2f-51bb-43b0-b0a7-c0fc4e0c018d', '2025-09-21 02:11:26.447977+00', '2025-09-21 02:11:26.447977+00', NULL, 'aal1', NULL, NULL, 'Mozilla/5.0 (Macintosh; Intel Mac OS X 10_15_7) AppleWebKit/537.36 (KHTML, like Gecko) Chrome/140.0.0.0 Safari/537.36', '98.37.156.151', NULL),
	('43c8de15-814d-44de-b7c0-a3a1e4549a7a', 'ed532a37-9a08-4666-9da2-1a189280b927', '2025-09-21 02:13:50.504216+00', '2025-09-21 02:13:50.504216+00', NULL, 'aal1', NULL, NULL, 'Mozilla/5.0 (Macintosh; Intel Mac OS X 10_15_7) AppleWebKit/537.36 (KHTML, like Gecko) Chrome/140.0.0.0 Safari/537.36', '98.37.156.151', NULL),
	('35a12bcf-15c6-4c8f-9c45-cf398abf1f24', '9cfb506c-393b-455f-85e3-c68301173a1f', '2025-09-21 02:28:55.081406+00', '2025-09-21 02:28:55.081406+00', NULL, 'aal1', NULL, NULL, 'Mozilla/5.0 (Macintosh; Intel Mac OS X 10_15_7) AppleWebKit/537.36 (KHTML, like Gecko) Chrome/140.0.0.0 Safari/537.36', '98.37.156.151', NULL),
	('44c73fa2-a777-4e2b-8f74-a2649ac9076e', 'beaeaf6f-df91-4993-8b78-b24bb4b730c6', '2025-09-21 02:31:56.016504+00', '2025-09-21 02:31:56.016504+00', NULL, 'aal1', NULL, NULL, 'Mozilla/5.0 (Macintosh; Intel Mac OS X 10_15_7) AppleWebKit/537.36 (KHTML, like Gecko) Chrome/140.0.0.0 Safari/537.36', '98.37.156.151', NULL),
	('d45d2be5-2537-4c8a-b195-66ec7a4a6b5f', '3a965dd8-c9dc-415c-a071-5c5522590927', '2025-09-21 02:33:56.639022+00', '2025-09-21 02:33:56.639022+00', NULL, 'aal1', NULL, NULL, 'Mozilla/5.0 (Macintosh; Intel Mac OS X 10_15_7) AppleWebKit/537.36 (KHTML, like Gecko) Chrome/140.0.0.0 Safari/537.36', '98.37.156.151', NULL),
	('33c5990e-005d-4f71-92b3-27e2ee97f382', 'b7bab5d8-57f7-48c8-95b0-a01d3c40a238', '2025-09-21 02:35:52.401745+00', '2025-09-21 02:35:52.401745+00', NULL, 'aal1', NULL, NULL, 'Mozilla/5.0 (Macintosh; Intel Mac OS X 10_15_7) AppleWebKit/537.36 (KHTML, like Gecko) Chrome/140.0.0.0 Safari/537.36', '98.37.156.151', NULL),
	('6478f7b5-dfaf-4abc-be7f-c869f73abd3f', 'b7bab5d8-57f7-48c8-95b0-a01d3c40a238', '2025-09-21 02:43:44.840958+00', '2025-09-21 02:43:44.840958+00', NULL, 'aal1', NULL, NULL, 'Mozilla/5.0 (Macintosh; Intel Mac OS X 10_15_7) AppleWebKit/537.36 (KHTML, like Gecko) Chrome/140.0.0.0 Safari/537.36', '98.37.156.151', NULL),
	('131d4394-92f4-44c3-9ef1-c6884c586451', '912eafb8-80be-462b-8f62-b27a65aa8c0f', '2025-09-21 02:51:40.242775+00', '2025-09-21 02:51:40.242775+00', NULL, 'aal1', NULL, NULL, 'Mozilla/5.0 (Macintosh; Intel Mac OS X 10_15_7) AppleWebKit/537.36 (KHTML, like Gecko) Chrome/140.0.0.0 Safari/537.36', '98.37.156.151', NULL),
	('64b9bc09-0222-4fef-99ac-5c99ef2e0149', 'e7a7c016-9c72-455d-b8ff-aff895740969', '2025-09-21 03:05:04.235553+00', '2025-09-21 19:39:27.834751+00', NULL, 'aal1', NULL, '2025-09-21 19:39:27.834092', 'Mozilla/5.0 (Macintosh; Intel Mac OS X 10_15_7) AppleWebKit/537.36 (KHTML, like Gecko) Chrome/140.0.0.0 Safari/537.36', '98.37.156.151', NULL),
	('d4fcc57f-2efa-43a9-9c3c-bb8bc57907cd', '8560bb53-8c50-4ec9-bab1-a2e9576370cd', '2025-09-21 19:47:26.883559+00', '2025-09-21 19:47:26.883559+00', NULL, 'aal1', NULL, NULL, 'Mozilla/5.0 (Macintosh; Intel Mac OS X 10_15_7) AppleWebKit/537.36 (KHTML, like Gecko) Chrome/140.0.0.0 Safari/537.36', '98.37.156.151', NULL),
	('869282e3-e71e-4679-9e07-5a527d69565d', 'ea93c195-7a8b-4f37-b04e-ce788fe42b70', '2025-09-21 19:53:49.606547+00', '2025-09-21 19:53:49.606547+00', NULL, 'aal1', NULL, NULL, 'Mozilla/5.0 (Macintosh; Intel Mac OS X 10_15_7) AppleWebKit/537.36 (KHTML, like Gecko) Chrome/140.0.0.0 Safari/537.36', '98.37.156.151', NULL),
	('e1a0a7ad-d89c-4f80-b83f-1d95397661b7', 'b52c2305-8829-4ead-9c3d-4ac919b11161', '2025-09-21 20:00:02.891227+00', '2025-09-21 20:00:02.891227+00', NULL, 'aal1', NULL, NULL, 'Mozilla/5.0 (Linux; Android 6.0; Nexus 5 Build/MRA58N) AppleWebKit/537.36 (KHTML, like Gecko) Chrome/140.0.0.0 Mobile Safari/537.36', '98.37.156.151', NULL);


--
-- Data for Name: mfa_amr_claims; Type: TABLE DATA; Schema: auth; Owner: supabase_auth_admin
--

INSERT INTO "auth"."mfa_amr_claims" ("session_id", "created_at", "updated_at", "authentication_method", "id") VALUES
	('84fa12fd-3909-4221-bbc4-ee1e907132b6', '2025-09-20 23:29:21.098601+00', '2025-09-20 23:29:21.098601+00', 'password', '3c34719b-8916-489b-8921-0569ba69d65d'),
	('eb62bbc4-9ee7-4c98-aaff-f0eb5ccf6133', '2025-09-20 23:42:01.720063+00', '2025-09-20 23:42:01.720063+00', 'password', '786fd874-80dc-406d-9de6-86fb7f46c213'),
	('c3c9099e-8201-47d2-8ba6-ca63c2b00511', '2025-09-20 23:43:58.144615+00', '2025-09-20 23:43:58.144615+00', 'password', '840518da-e3e1-4b74-b367-95c01eda6824'),
	('b940a2a2-7167-4059-a211-e493140d53a2', '2025-09-20 23:45:23.326452+00', '2025-09-20 23:45:23.326452+00', 'password', 'd655be8a-b5d5-44d0-8640-4f35fb7be9ec'),
	('e3102069-eb69-4d77-afe8-1df2b8910597', '2025-09-20 23:45:36.057168+00', '2025-09-20 23:45:36.057168+00', 'password', 'c8a9afe6-9431-4475-bb8e-baddd70b3e08'),
	('b7e53117-4ef6-4399-a6d1-da65db25f6da', '2025-09-20 23:45:53.387544+00', '2025-09-20 23:45:53.387544+00', 'password', 'e32c722e-c789-4df0-a568-c11da3020ba9'),
	('61fff382-4067-40d3-9c49-abbcd9b50133', '2025-09-20 23:55:30.508986+00', '2025-09-20 23:55:30.508986+00', 'password', '3d9ba69e-2f92-470c-b6de-cb57474b5335'),
	('402f38ea-fbf3-4de8-b6e6-e9ab3a93b509', '2025-09-20 23:58:10.019373+00', '2025-09-20 23:58:10.019373+00', 'password', 'af7cabde-6890-41ca-ac26-156d2beaecc6'),
	('87a633be-0584-489a-853a-75f85722c8ba', '2025-09-21 00:02:42.708825+00', '2025-09-21 00:02:42.708825+00', 'password', '5fa7ba24-5121-417c-ae4a-3dc90ca3c683'),
	('3c041af1-cff1-43ca-bf17-16d1a7fb87b9', '2025-09-21 00:07:11.578889+00', '2025-09-21 00:07:11.578889+00', 'password', 'af21b3a8-5f38-48ea-9a87-d87c4dc2be59'),
	('8b911f34-aec6-4d07-a1c1-d0009ce16dfc', '2025-09-21 01:41:23.999435+00', '2025-09-21 01:41:23.999435+00', 'password', '4da29b25-04a9-488d-8699-96d7350131f3'),
	('75f76def-f618-479f-8b08-b422144a59d6', '2025-09-21 01:47:57.699465+00', '2025-09-21 01:47:57.699465+00', 'password', '60c877aa-528f-4d25-992a-cc9d1814ad47'),
	('f02dcfc6-5dc5-4f0d-9c3b-58421c7f8122', '2025-09-21 01:57:59.749352+00', '2025-09-21 01:57:59.749352+00', 'password', '6e17383b-dac0-42f0-b427-6ad43c6d8f57'),
	('a5f5c4ac-c22b-4891-b8b7-901da3021c57', '2025-09-21 02:01:44.54993+00', '2025-09-21 02:01:44.54993+00', 'password', 'f79c9f4d-71c1-4f2e-93a9-c45181d3eaf9'),
	('edd1dd5a-3a17-4858-911a-6dfbe76ffa1b', '2025-09-21 02:05:47.124829+00', '2025-09-21 02:05:47.124829+00', 'password', 'b681c48f-8cae-40c9-84c7-5553bc969ffc'),
	('f1108356-be8e-4563-a0b4-960d9b7a877d', '2025-09-21 02:11:26.460893+00', '2025-09-21 02:11:26.460893+00', 'password', '570d3a52-bf5f-4915-bb13-7ebd59c42ce0'),
	('43c8de15-814d-44de-b7c0-a3a1e4549a7a', '2025-09-21 02:13:50.507424+00', '2025-09-21 02:13:50.507424+00', 'password', 'cfdb7877-745a-41c0-a89e-1cb0aeb565e2'),
	('35a12bcf-15c6-4c8f-9c45-cf398abf1f24', '2025-09-21 02:28:55.084324+00', '2025-09-21 02:28:55.084324+00', 'password', '37d7da15-37b8-4110-8515-3911658fc067'),
	('44c73fa2-a777-4e2b-8f74-a2649ac9076e', '2025-09-21 02:31:56.031636+00', '2025-09-21 02:31:56.031636+00', 'password', '43343603-d613-4d76-bc1b-611a3206143a'),
	('d45d2be5-2537-4c8a-b195-66ec7a4a6b5f', '2025-09-21 02:33:56.647286+00', '2025-09-21 02:33:56.647286+00', 'password', '8a8f0360-7483-4acc-88f4-f9fa2e94b7d1'),
	('33c5990e-005d-4f71-92b3-27e2ee97f382', '2025-09-21 02:35:52.404406+00', '2025-09-21 02:35:52.404406+00', 'password', '5d9994d0-f603-40c6-b1b7-ebc35b89f9ad'),
	('6478f7b5-dfaf-4abc-be7f-c869f73abd3f', '2025-09-21 02:43:44.843729+00', '2025-09-21 02:43:44.843729+00', 'password', 'b64664e7-713d-44ae-bf77-fcfda752a644'),
	('131d4394-92f4-44c3-9ef1-c6884c586451', '2025-09-21 02:51:40.245865+00', '2025-09-21 02:51:40.245865+00', 'password', 'f2e1486a-4df8-4dad-a9ea-aca7530a142e'),
	('64b9bc09-0222-4fef-99ac-5c99ef2e0149', '2025-09-21 03:05:04.24+00', '2025-09-21 03:05:04.24+00', 'password', '027b1871-fece-4ff5-9b8b-0da5d192dcf1'),
	('d4fcc57f-2efa-43a9-9c3c-bb8bc57907cd', '2025-09-21 19:47:26.900156+00', '2025-09-21 19:47:26.900156+00', 'password', 'cbfb846f-2374-4fc4-8d79-8fb6a1e24204'),
	('869282e3-e71e-4679-9e07-5a527d69565d', '2025-09-21 19:53:49.620673+00', '2025-09-21 19:53:49.620673+00', 'password', '9db3b0b3-2c81-42f7-917b-5b2db9663a5c'),
	('e1a0a7ad-d89c-4f80-b83f-1d95397661b7', '2025-09-21 20:00:02.894486+00', '2025-09-21 20:00:02.894486+00', 'password', '29f0e1c0-d683-473a-b6ed-2ad6a2f2137b');


--
-- Data for Name: mfa_factors; Type: TABLE DATA; Schema: auth; Owner: supabase_auth_admin
--



--
-- Data for Name: mfa_challenges; Type: TABLE DATA; Schema: auth; Owner: supabase_auth_admin
--



--
-- Data for Name: oauth_clients; Type: TABLE DATA; Schema: auth; Owner: supabase_auth_admin
--



--
-- Data for Name: one_time_tokens; Type: TABLE DATA; Schema: auth; Owner: supabase_auth_admin
--



--
-- Data for Name: refresh_tokens; Type: TABLE DATA; Schema: auth; Owner: supabase_auth_admin
--

INSERT INTO "auth"."refresh_tokens" ("instance_id", "id", "token", "user_id", "revoked", "created_at", "updated_at", "parent", "session_id") VALUES
	('00000000-0000-0000-0000-000000000000', 166, '5wncmfgo6ug4', 'a0ec6f0b-797c-44ef-aa80-71d36634e389', false, '2025-09-20 23:29:21.097344+00', '2025-09-20 23:29:21.097344+00', NULL, '84fa12fd-3909-4221-bbc4-ee1e907132b6'),
	('00000000-0000-0000-0000-000000000000', 167, 'lbn3u6zzknbc', '9bc6ae5e-d528-411b-975a-b2346519dbb5', false, '2025-09-20 23:42:01.693839+00', '2025-09-20 23:42:01.693839+00', NULL, 'eb62bbc4-9ee7-4c98-aaff-f0eb5ccf6133'),
	('00000000-0000-0000-0000-000000000000', 168, 'lfzthw2xtnhm', '9bc6ae5e-d528-411b-975a-b2346519dbb5', false, '2025-09-20 23:43:58.142676+00', '2025-09-20 23:43:58.142676+00', NULL, 'c3c9099e-8201-47d2-8ba6-ca63c2b00511'),
	('00000000-0000-0000-0000-000000000000', 169, 'thoesh6g6bvv', '9bc6ae5e-d528-411b-975a-b2346519dbb5', false, '2025-09-20 23:45:23.324434+00', '2025-09-20 23:45:23.324434+00', NULL, 'b940a2a2-7167-4059-a211-e493140d53a2'),
	('00000000-0000-0000-0000-000000000000', 171, 'myyhadpyyba3', '9bc6ae5e-d528-411b-975a-b2346519dbb5', false, '2025-09-20 23:45:53.378146+00', '2025-09-20 23:45:53.378146+00', NULL, 'b7e53117-4ef6-4399-a6d1-da65db25f6da'),
	('00000000-0000-0000-0000-000000000000', 174, 'cptiuhrkqkon', '9bc6ae5e-d528-411b-975a-b2346519dbb5', false, '2025-09-21 00:02:42.702359+00', '2025-09-21 00:02:42.702359+00', NULL, '87a633be-0584-489a-853a-75f85722c8ba'),
	('00000000-0000-0000-0000-000000000000', 170, 't77fvuihifip', '9bc6ae5e-d528-411b-975a-b2346519dbb5', true, '2025-09-20 23:45:36.054203+00', '2025-09-21 01:23:23.608213+00', NULL, 'e3102069-eb69-4d77-afe8-1df2b8910597'),
	('00000000-0000-0000-0000-000000000000', 176, 'b6qk4urdfq37', '9bc6ae5e-d528-411b-975a-b2346519dbb5', false, '2025-09-21 01:23:23.618704+00', '2025-09-21 01:23:23.618704+00', 't77fvuihifip', 'e3102069-eb69-4d77-afe8-1df2b8910597'),
	('00000000-0000-0000-0000-000000000000', 172, 'glj4tzyz4hzx', '9bc6ae5e-d528-411b-975a-b2346519dbb5', true, '2025-09-20 23:55:30.503603+00', '2025-09-21 01:40:07.67827+00', NULL, '61fff382-4067-40d3-9c49-abbcd9b50133'),
	('00000000-0000-0000-0000-000000000000', 178, 'dxgjzx5iiycw', '9bc6ae5e-d528-411b-975a-b2346519dbb5', false, '2025-09-21 01:40:07.679652+00', '2025-09-21 01:40:07.679652+00', 'glj4tzyz4hzx', '61fff382-4067-40d3-9c49-abbcd9b50133'),
	('00000000-0000-0000-0000-000000000000', 179, 'rbkru6g5fbur', 'ce28e56f-2e9a-4350-8a65-4465a2c94e06', false, '2025-09-21 01:41:23.997484+00', '2025-09-21 01:41:23.997484+00', NULL, '8b911f34-aec6-4d07-a1c1-d0009ce16dfc'),
	('00000000-0000-0000-0000-000000000000', 173, 'y7famwoixi3z', '9bc6ae5e-d528-411b-975a-b2346519dbb5', true, '2025-09-20 23:58:10.016589+00', '2025-09-21 01:46:53.217078+00', NULL, '402f38ea-fbf3-4de8-b6e6-e9ab3a93b509'),
	('00000000-0000-0000-0000-000000000000', 180, 'ct3dybapmjra', '9bc6ae5e-d528-411b-975a-b2346519dbb5', false, '2025-09-21 01:46:53.222328+00', '2025-09-21 01:46:53.222328+00', 'y7famwoixi3z', '402f38ea-fbf3-4de8-b6e6-e9ab3a93b509'),
	('00000000-0000-0000-0000-000000000000', 181, 'iem5hs4zuisb', '6818392e-4ed5-42f3-a693-4f08cbd909fb', false, '2025-09-21 01:47:57.697251+00', '2025-09-21 01:47:57.697251+00', NULL, '75f76def-f618-479f-8b08-b422144a59d6'),
	('00000000-0000-0000-0000-000000000000', 183, '26prd53famkm', '1a97bfda-b238-45a1-96f1-e0ccb2f82f8d', false, '2025-09-21 01:57:59.747465+00', '2025-09-21 01:57:59.747465+00', NULL, 'f02dcfc6-5dc5-4f0d-9c3b-58421c7f8122'),
	('00000000-0000-0000-0000-000000000000', 175, 'qyvftfaf5nle', '9bc6ae5e-d528-411b-975a-b2346519dbb5', true, '2025-09-21 00:07:11.561306+00', '2025-09-21 02:00:20.71083+00', NULL, '3c041af1-cff1-43ca-bf17-16d1a7fb87b9'),
	('00000000-0000-0000-0000-000000000000', 184, 'pk5fu7lhnc5p', '9bc6ae5e-d528-411b-975a-b2346519dbb5', false, '2025-09-21 02:00:20.716122+00', '2025-09-21 02:00:20.716122+00', 'qyvftfaf5nle', '3c041af1-cff1-43ca-bf17-16d1a7fb87b9'),
	('00000000-0000-0000-0000-000000000000', 185, '6ekbi7t4bygt', '4ac09bcf-b7fc-4343-8df8-467730fa9401', false, '2025-09-21 02:01:44.547956+00', '2025-09-21 02:01:44.547956+00', NULL, 'a5f5c4ac-c22b-4891-b8b7-901da3021c57'),
	('00000000-0000-0000-0000-000000000000', 186, 'xycxzli5563p', 'dd32471d-dacd-4446-9f4c-255b5ec286c2', false, '2025-09-21 02:05:47.119283+00', '2025-09-21 02:05:47.119283+00', NULL, 'edd1dd5a-3a17-4858-911a-6dfbe76ffa1b'),
	('00000000-0000-0000-0000-000000000000', 187, 'im5laf2mqpco', '22957f2f-51bb-43b0-b0a7-c0fc4e0c018d', false, '2025-09-21 02:11:26.45445+00', '2025-09-21 02:11:26.45445+00', NULL, 'f1108356-be8e-4563-a0b4-960d9b7a877d'),
	('00000000-0000-0000-0000-000000000000', 188, 'owq2elff4pek', 'ed532a37-9a08-4666-9da2-1a189280b927', false, '2025-09-21 02:13:50.505403+00', '2025-09-21 02:13:50.505403+00', NULL, '43c8de15-814d-44de-b7c0-a3a1e4549a7a'),
	('00000000-0000-0000-0000-000000000000', 190, 'id36bpqwy2su', '9cfb506c-393b-455f-85e3-c68301173a1f', false, '2025-09-21 02:28:55.082483+00', '2025-09-21 02:28:55.082483+00', NULL, '35a12bcf-15c6-4c8f-9c45-cf398abf1f24'),
	('00000000-0000-0000-0000-000000000000', 191, 'rr2zq4eqjqzk', 'beaeaf6f-df91-4993-8b78-b24bb4b730c6', false, '2025-09-21 02:31:56.024084+00', '2025-09-21 02:31:56.024084+00', NULL, '44c73fa2-a777-4e2b-8f74-a2649ac9076e'),
	('00000000-0000-0000-0000-000000000000', 192, 'vlaj5vbtloxc', '3a965dd8-c9dc-415c-a071-5c5522590927', false, '2025-09-21 02:33:56.640057+00', '2025-09-21 02:33:56.640057+00', NULL, 'd45d2be5-2537-4c8a-b195-66ec7a4a6b5f'),
	('00000000-0000-0000-0000-000000000000', 193, 'aiwkoqosgiy7', 'b7bab5d8-57f7-48c8-95b0-a01d3c40a238', false, '2025-09-21 02:35:52.402699+00', '2025-09-21 02:35:52.402699+00', NULL, '33c5990e-005d-4f71-92b3-27e2ee97f382'),
	('00000000-0000-0000-0000-000000000000', 195, 'kjjsnix34vwt', 'b7bab5d8-57f7-48c8-95b0-a01d3c40a238', false, '2025-09-21 02:43:44.842541+00', '2025-09-21 02:43:44.842541+00', NULL, '6478f7b5-dfaf-4abc-be7f-c869f73abd3f'),
	('00000000-0000-0000-0000-000000000000', 198, 'eo733mkj3yoi', '912eafb8-80be-462b-8f62-b27a65aa8c0f', false, '2025-09-21 02:51:40.243886+00', '2025-09-21 02:51:40.243886+00', NULL, '131d4394-92f4-44c3-9ef1-c6884c586451'),
	('00000000-0000-0000-0000-000000000000', 202, 'qbdqubecdqa7', 'e7a7c016-9c72-455d-b8ff-aff895740969', true, '2025-09-21 03:05:04.236801+00', '2025-09-21 19:39:27.794707+00', NULL, '64b9bc09-0222-4fef-99ac-5c99ef2e0149'),
	('00000000-0000-0000-0000-000000000000', 203, '2mxvmlfytain', 'e7a7c016-9c72-455d-b8ff-aff895740969', false, '2025-09-21 19:39:27.815377+00', '2025-09-21 19:39:27.815377+00', 'qbdqubecdqa7', '64b9bc09-0222-4fef-99ac-5c99ef2e0149'),
	('00000000-0000-0000-0000-000000000000', 204, 'lxjfctgi3zgy', '8560bb53-8c50-4ec9-bab1-a2e9576370cd', false, '2025-09-21 19:47:26.893833+00', '2025-09-21 19:47:26.893833+00', NULL, 'd4fcc57f-2efa-43a9-9c3c-bb8bc57907cd'),
	('00000000-0000-0000-0000-000000000000', 205, 'ukgz346nnlxu', 'ea93c195-7a8b-4f37-b04e-ce788fe42b70', false, '2025-09-21 19:53:49.613856+00', '2025-09-21 19:53:49.613856+00', NULL, '869282e3-e71e-4679-9e07-5a527d69565d'),
	('00000000-0000-0000-0000-000000000000', 206, 'yi6fp3fsrivn', 'b52c2305-8829-4ead-9c3d-4ac919b11161', false, '2025-09-21 20:00:02.892408+00', '2025-09-21 20:00:02.892408+00', NULL, 'e1a0a7ad-d89c-4f80-b83f-1d95397661b7');


--
-- Data for Name: sso_providers; Type: TABLE DATA; Schema: auth; Owner: supabase_auth_admin
--



--
-- Data for Name: saml_providers; Type: TABLE DATA; Schema: auth; Owner: supabase_auth_admin
--



--
-- Data for Name: saml_relay_states; Type: TABLE DATA; Schema: auth; Owner: supabase_auth_admin
--



--
-- Data for Name: sso_domains; Type: TABLE DATA; Schema: auth; Owner: supabase_auth_admin
--



--
-- Data for Name: admins; Type: TABLE DATA; Schema: public; Owner: postgres
--

INSERT INTO "public"."admins" ("id", "user_id", "email", "first_name", "last_name", "role", "permissions", "created_at", "updated_at", "active") VALUES
	('e54ff9b7-75d3-48e9-83c1-434c45d3eb5f', 'dd32471d-dacd-4446-9f4c-255b5ec286c2', 'admin@admin.com', 'Admin', 'User', 'admin', '{messages,patients,dashboard}', '2025-09-21 02:05:49.568076+00', '2025-09-21 02:05:49.568076+00', 'true'),
	('7e564004-af2f-4acf-911d-bef1cd554e90', '22957f2f-51bb-43b0-b0a7-c0fc4e0c018d', 'adminaccount@example.com', 'Admin', 'User', 'admin', '{messages,patients,dashboard}', '2025-09-21 02:11:30.862171+00', '2025-09-21 02:11:30.862171+00', 'true'),
	('b765bfd2-8475-4fd4-84ec-0acc42c051ee', 'ed532a37-9a08-4666-9da2-1a189280b927', 'yetanotheradmin@admin.com', 'Admin', 'User', 'admin', '{messages,patients,dashboard}', '2025-09-21 02:13:54.660887+00', '2025-09-21 02:13:54.660887+00', 'true'),
	('05105c50-4f3f-4f4f-97df-e6956f87feea', 'e7a7c016-9c72-455d-b8ff-aff895740969', 'anexampeadmin@exampleadmin.com', 'Admin', 'User', 'admin', '{messages,patients,dashboard}', '2025-09-21 02:24:47.416867+00', '2025-09-21 02:24:47.416867+00', 'true'),
	('2d8cf260-dc42-41a0-a013-b6451b22b5ce', '9cfb506c-393b-455f-85e3-c68301173a1f', 'adminloading@example.com', 'Admin', 'User', 'admin', '{messages,patients,dashboard}', '2025-09-21 02:28:59.053539+00', '2025-09-21 02:28:59.053539+00', 'true'),
	('5e1615c8-13fa-474f-8b14-ec94f911a71f', '8071d449-6191-4493-a25f-c8e6cee61b73', 'mike.manager@test.com', 'Mike', 'Manager', 'admin', '{patients,dashboard}', '2025-09-20 21:52:53.448346+00', '2025-09-20 21:52:53.448346+00', 'true'),
	('887a6297-8865-4d98-b1e2-7c6308e3312a', 'a12cbdd7-4d8a-4d9a-83cc-9d0c6f976988', 'jessica.supervisor@test.com', 'Jessica', 'Supervisor', 'admin', '{messages,patients,dashboard}', '2025-09-20 21:52:53.448346+00', '2025-09-20 21:52:53.448346+00', 'true'),
	('ef52bfba-0201-4515-ac5a-394bbd1e405b', '1cf7cece-b5d1-429c-9762-0ae2ef4dd04c', 'alex.coordinator@test.com', 'Alex', 'Coordinator', 'admin', '{patients,dashboard}', '2025-09-20 21:52:53.448346+00', '2025-09-20 21:52:53.448346+00', 'true'),
	('ea97a2b2-2079-482b-bd27-7c7031e868df', 'a192786d-c4b0-4693-8e68-ae2e9bf45e3c', 'rachel.director@test.com', 'Rachel', 'Director', 'super_admin', '{messages,patients,dashboard,admin}', '2025-09-20 21:52:53.448346+00', '2025-09-20 21:52:53.448346+00', 'true'),
	('8d5d3630-ec3a-4c33-a499-b3ce6f284aef', '639f6348-b9e7-450e-bbc0-a57ef79482ce', 'kevin.lead@test.com', 'Kevin', 'Lead', 'admin', '{messages,patients}', '2025-09-20 21:52:53.448346+00', '2025-09-20 21:52:53.448346+00', 'true'),
	('fab08d51-13fb-4b63-be75-e866841c4780', '9ef21634-091f-4159-80fb-576ce92f9079', 'michelle.chief@test.com', 'Michelle', 'Chief', 'super_admin', '{messages,patients,dashboard,admin}', '2025-09-20 21:52:53.448346+00', '2025-09-20 21:52:53.448346+00', 'true'),
	('04640657-308a-4d7e-b4f5-657fb463afbb', '9d297136-53a2-432c-a890-721b1e368fba', 'daniel.analyst@test.com', 'Daniel', 'Analyst', 'admin', '{dashboard}', '2025-09-20 21:52:53.448346+00', '2025-09-20 21:52:53.448346+00', 'true'),
	('341bca87-8005-41f6-9fe3-1e1d60101c9d', '70b68851-2a2e-41f3-94f5-57fd69470ea4', 'laura.operations@test.com', 'Laura', 'Operations', 'admin', '{patients,dashboard}', '2025-09-20 21:52:53.448346+00', '2025-09-20 21:52:53.448346+00', 'true'),
	('26f1ba57-6b71-4eb1-9c95-24df544691f8', 'd3be43fc-db0c-41c1-a782-23e09ecc97c3', 'brian.support@test.com', 'Brian', 'Support', 'admin', '{messages,patients}', '2025-09-20 21:52:53.448346+00', '2025-09-20 21:52:53.448346+00', 'true'),
	('a74afef4-780e-4d0b-9878-9d30491c9ef6', '3cc000e3-b251-41fc-8e24-fafe475e8e58', 'ryanj.kelley@icloud.com', 'Ryan', 'Kelley', 'admin', '{messages,patients,dashboard}', '2025-08-14 04:58:18.657091+00', '2025-09-20 22:44:55.120169+00', 'true'),
	('1a97af31-d567-4de3-b24f-cf2b0a5b0a29', 'f8090ecd-1b50-4434-a7e4-1025c04a397a', 'test-admin@example.com', 'Test', 'Admin', 'admin', '{messages,patients,dashboard}', '2025-09-21 01:00:52.498592+00', '2025-09-21 01:00:52.498592+00', 'true'),
	('5ec6162d-209a-4ec1-be23-faaad4a614f3', '43cbc763-6df8-4f9a-a1e2-9e1d301b4530', 'anotherexampleadmin@example.com', 'Admin', 'User', 'admin', '{messages,patients,dashboard}', '2025-09-21 01:56:22.031238+00', '2025-09-21 01:56:22.031238+00', 'true'),
	('4151f8de-5697-448f-8cd9-b2a0db2b4e34', '1a97bfda-b238-45a1-96f1-e0ccb2f82f8d', 'randomadmin@example.com', 'Admin', 'User', 'admin', '{messages,patients,dashboard}', '2025-09-21 01:58:01.858744+00', '2025-09-21 01:58:01.858744+00', 'true'),
	('85e6d74a-544a-47fa-8515-0d8d37b02f31', '4ac09bcf-b7fc-4343-8df8-467730fa9401', 'oejnobn@admin.com', 'Admin', 'User', 'admin', '{messages,patients,dashboard}', '2025-09-21 02:01:46.525644+00', '2025-09-21 02:01:46.525644+00', 'true'),
	('59115b2a-80e5-4a72-b27d-1c7fc8530863', 'beaeaf6f-df91-4993-8b78-b24bb4b730c6', 'anotheradmin@admin.com', 'Admin', 'User', 'admin', '{messages,patients,dashboard}', '2025-09-21 02:32:00.305106+00', '2025-09-21 02:32:00.305106+00', 'true'),
	('c42e7770-d64e-4c19-8ad3-5f720bf562a8', '3a965dd8-c9dc-415c-a071-5c5522590927', 'adminsadmin@admin.com', 'Admin', 'User', 'admin', '{messages,patients,dashboard}', '2025-09-21 02:34:00.688432+00', '2025-09-21 02:34:00.688432+00', 'true'),
	('79f51136-5edb-4c03-912e-30cd6f4a19b9', 'b7bab5d8-57f7-48c8-95b0-a01d3c40a238', 'oerjfkef@admin.com', 'Admin', 'User', 'admin', '{messages,patients,dashboard}', '2025-09-21 02:35:56.214641+00', '2025-09-21 02:35:56.214641+00', 'true');


--
-- Data for Name: kv_store_a1a84b3e; Type: TABLE DATA; Schema: public; Owner: postgres
--



--
-- Data for Name: messages; Type: TABLE DATA; Schema: public; Owner: postgres
--

INSERT INTO "public"."messages" ("id", "thread_id", "sender_id", "sender_type", "recipient_id", "recipient_type", "subject", "content", "is_read", "is_reply", "parent_message_id", "created_at", "updated_at") VALUES
	('086b378d-0779-4b19-abbf-3fe583144555', 'd5b96736-69a8-4466-bb07-69ca4f820ffb', '2af97f51-4519-489e-9e95-ce45d6eefb8d', 'patient', NULL, NULL, 'example message subject', 'example', true, false, NULL, '2025-08-15 07:19:28.416778+00', '2025-08-15 07:19:36.773548+00'),
	('4dcdf5e9-10c1-419d-997a-b3907f200ed1', 'c061f3fe-8f0e-4b64-b0bd-d1cd1e8727e3', '2af97f51-4519-489e-9e95-ce45d6eefb8d', 'patient', NULL, NULL, 'another exampe', 'example', true, false, NULL, '2025-08-15 07:29:04.199789+00', '2025-08-15 07:44:30.421525+00'),
	('060a2a91-29b0-4357-870f-98ec23feca0c', 'd5b96736-69a8-4466-bb07-69ca4f820ffb', '3cc000e3-b251-41fc-8e24-fafe475e8e58', 'patient', '2af97f51-4519-489e-9e95-ce45d6eefb8d', 'patient', 'Re: example message subject', 'example reply', false, true, '086b378d-0779-4b19-abbf-3fe583144555', '2025-08-15 07:44:45.128528+00', '2025-08-15 07:44:45.128528+00'),
	('0c4f7d98-fc0a-48e0-8111-22564ee92ab2', 'c061f3fe-8f0e-4b64-b0bd-d1cd1e8727e3', '3cc000e3-b251-41fc-8e24-fafe475e8e58', 'admin', '2af97f51-4519-489e-9e95-ce45d6eefb8d', 'patient', 'Re: another exampe', 'example reply', false, true, '4dcdf5e9-10c1-419d-997a-b3907f200ed1', '2025-08-15 07:48:15.785173+00', '2025-08-15 07:48:15.785173+00'),
	('1b0c08aa-1557-4f6a-adde-57a487e83d01', 'd5b96736-69a8-4466-bb07-69ca4f820ffb', '3cc000e3-b251-41fc-8e24-fafe475e8e58', 'admin', '2af97f51-4519-489e-9e95-ce45d6eefb8d', 'patient', 'Re: example message subject', 'example reply from an admin', false, true, '086b378d-0779-4b19-abbf-3fe583144555', '2025-09-15 00:03:40.492355+00', '2025-09-15 00:03:40.492355+00'),
	('f0065e65-328d-4f55-9cbb-8f1732b9e354', 'c061f3fe-8f0e-4b64-b0bd-d1cd1e8727e3', '3cc000e3-b251-41fc-8e24-fafe475e8e58', 'admin', '2af97f51-4519-489e-9e95-ce45d6eefb8d', 'patient', 'Re: another exampe', 'an example reply from a patient', false, true, '4dcdf5e9-10c1-419d-997a-b3907f200ed1', '2025-09-15 00:06:48.278045+00', '2025-09-15 00:06:48.278045+00'),
	('4cd06e93-e9aa-4191-8a73-060918e9fbc6', 'c061f3fe-8f0e-4b64-b0bd-d1cd1e8727e3', '3cc000e3-b251-41fc-8e24-fafe475e8e58', 'admin', '2af97f51-4519-489e-9e95-ce45d6eefb8d', 'patient', 'Re: another exampe', 'example message (loading testing)', false, true, '4dcdf5e9-10c1-419d-997a-b3907f200ed1', '2025-09-15 00:10:23.035737+00', '2025-09-15 00:10:23.035737+00'),
	('eb149f28-186d-43d2-b712-16778e1f685a', 'c061f3fe-8f0e-4b64-b0bd-d1cd1e8727e3', '2af97f51-4519-489e-9e95-ce45d6eefb8d', 'patient', '2af97f51-4519-489e-9e95-ce45d6eefb8d', 'patient', 'Re: another exampe', 'unread example', false, true, '4dcdf5e9-10c1-419d-997a-b3907f200ed1', '2025-09-15 01:19:59.281018+00', '2025-09-15 01:19:59.281018+00'),
	('c47f748c-48c8-4fae-a626-13ac43314cd3', 'd5b96736-69a8-4466-bb07-69ca4f820ffb', '2af97f51-4519-489e-9e95-ce45d6eefb8d', 'patient', '2af97f51-4519-489e-9e95-ce45d6eefb8d', 'patient', 'Re: example message subject', 'another unread example', false, true, '086b378d-0779-4b19-abbf-3fe583144555', '2025-09-15 01:21:26.576509+00', '2025-09-15 01:21:26.576509+00'),
	('f22d31b2-25df-4c2e-a3aa-89a98e9b8e1d', '37860065-b264-4c14-ad8c-d997258a65de', '2af97f51-4519-489e-9e95-ce45d6eefb8d', 'patient', NULL, NULL, 'subject', 'example message from a patient from compose', true, false, NULL, '2025-09-15 02:32:36.14093+00', '2025-09-15 02:32:42.758852+00'),
	('62b55bc9-e6fd-481d-bbfd-7d4d8ac0db11', '1ba491fb-bf3a-4076-b08c-d38b8d0523ad', '2af97f51-4519-489e-9e95-ce45d6eefb8d', 'patient', NULL, NULL, 'another subject', 'another example message from a patient', false, false, NULL, '2025-09-15 02:43:57.731336+00', '2025-09-15 02:43:57.731336+00'),
	('5531d916-6fc7-4dc2-b8e8-4684a604823e', 'b3d70792-4d13-4b6d-9b75-60a0e043fca5', '2af97f51-4519-489e-9e95-ce45d6eefb8d', 'patient', NULL, NULL, 'debug testing', 'debug testing example message', false, false, NULL, '2025-09-15 02:47:59.321703+00', '2025-09-15 02:47:59.321703+00'),
	('93b07e39-bb8c-41df-88f9-71ffaa20257e', 'fde380d9-02ce-419f-a8c2-8ba3ae0fc19a', '2af97f51-4519-489e-9e95-ce45d6eefb8d', 'patient', NULL, NULL, 'another example subject', 'example subject debugging', true, false, NULL, '2025-09-15 02:56:05.11684+00', '2025-09-15 02:56:18.497745+00'),
	('5557cde8-3257-47b3-ac6d-f6842053c242', 'd12f9367-37e2-4d2d-9c57-e1bcdc5c0842', '2af97f51-4519-489e-9e95-ce45d6eefb8d', 'patient', NULL, NULL, 'example debugging subject', 'example debugging', false, false, NULL, '2025-09-15 02:56:49.292243+00', '2025-09-15 02:56:49.292243+00'),
	('a40d1b38-f5fd-4399-a068-b7e94239f018', '45fd5808-2482-463f-96a6-4d9f467394af', '2af97f51-4519-489e-9e95-ce45d6eefb8d', 'patient', NULL, NULL, 'message subject debugging', 'message content debugging', false, false, NULL, '2025-09-15 02:57:26.210997+00', '2025-09-15 02:57:26.210997+00'),
	('1b1626d9-4805-4264-acbd-a5cd9d1d7f28', '99f518a2-81b0-4f8b-a068-372afe57ee77', '2af97f51-4519-489e-9e95-ce45d6eefb8d', 'patient', NULL, NULL, 'another debugging subject', 'another debugging message', false, false, NULL, '2025-09-15 03:16:13.855161+00', '2025-09-15 03:16:13.855161+00'),
	('ce78ac24-5ac6-45ff-8154-15a3c9bc801a', '215d5091-5850-484c-a7c4-83f3107d4671', '2af97f51-4519-489e-9e95-ce45d6eefb8d', 'patient', NULL, NULL, 'subject', 'message
', true, false, NULL, '2025-09-15 03:30:43.624242+00', '2025-09-15 03:30:46.117602+00'),
	('d036b290-98c5-44fc-a487-59ab77bd048f', '854b2bb1-7aed-495d-b8c3-5acbb9487297', '2af97f51-4519-489e-9e95-ce45d6eefb8d', 'patient', NULL, NULL, 'message subject example', 'message content example', true, false, NULL, '2025-09-15 03:17:28.761296+00', '2025-09-15 03:31:23.970585+00'),
	('9fdb1213-fcae-431d-8ac1-6651b02af00b', 'c29f6713-903c-4429-8104-69ae3c937184', '2af97f51-4519-489e-9e95-ce45d6eefb8d', 'patient', NULL, NULL, 'enter subject', 'enter message', true, false, NULL, '2025-09-15 03:23:44.015374+00', '2025-09-15 03:31:28.569534+00'),
	('263aa8eb-af3b-4802-8148-8c6e9b418e24', '50540f96-30a7-4692-bf02-561cf6da9c66', '2af97f51-4519-489e-9e95-ce45d6eefb8d', 'patient', NULL, NULL, 'enter subject input', 'enter message content', true, false, NULL, '2025-09-15 03:23:12.051051+00', '2025-09-15 03:31:33.803488+00'),
	('89aac888-ec44-46e4-868e-400e97cb81bd', 'ab160173-ca55-4b6a-8e39-922d1839771b', '2af97f51-4519-489e-9e95-ce45d6eefb8d', 'patient', NULL, NULL, 'subject', 'message', true, false, NULL, '2025-09-15 03:16:37.921511+00', '2025-09-15 17:44:43.982537+00'),
	('b69419ed-90da-40dc-aba3-6de7351a6dda', 'd5b96736-69a8-4466-bb07-69ca4f820ffb', '2af97f51-4519-489e-9e95-ce45d6eefb8d', 'patient', '2af97f51-4519-489e-9e95-ce45d6eefb8d', 'patient', 'Re: example message subject', 'example', false, true, '086b378d-0779-4b19-abbf-3fe583144555', '2025-09-15 20:25:28.342278+00', '2025-09-15 20:25:28.342278+00'),
	('a7597f6c-49f9-461c-95c6-5f34abe35d9c', '61c6ff97-a65b-4bc6-a3c9-d7fee236d5a5', '2af97f51-4519-489e-9e95-ce45d6eefb8d', 'patient', NULL, NULL, 'message from a patient subject', 'message from a patient content', true, false, NULL, '2025-09-15 20:29:25.411893+00', '2025-09-15 20:29:27.227048+00'),
	('40267997-2938-48f5-9e4b-dd746eb4e608', 'c2edb0b0-7124-48a5-806c-6956d1c17c9d', '2af97f51-4519-489e-9e95-ce45d6eefb8d', 'patient', NULL, NULL, 'patients subject', 'patients message', true, false, NULL, '2025-09-15 20:33:44.073066+00', '2025-09-15 20:33:46.792328+00'),
	('b2b7680e-64e3-4639-add8-f02ca74a26c1', 'c2edb0b0-7124-48a5-806c-6956d1c17c9d', '3cc000e3-b251-41fc-8e24-fafe475e8e58', 'admin', '2af97f51-4519-489e-9e95-ce45d6eefb8d', 'patient', 'Re: patients subject', 'example message from an admin
', false, true, '40267997-2938-48f5-9e4b-dd746eb4e608', '2025-09-15 20:38:20.53325+00', '2025-09-15 20:38:20.53325+00'),
	('29dd25e4-b9d9-4ee9-8da8-3262b19df921', 'c2edb0b0-7124-48a5-806c-6956d1c17c9d', '3cc000e3-b251-41fc-8e24-fafe475e8e58', 'admin', '2af97f51-4519-489e-9e95-ce45d6eefb8d', 'patient', 'Re: patients subject', 'example', false, true, '40267997-2938-48f5-9e4b-dd746eb4e608', '2025-09-15 20:45:55.647401+00', '2025-09-15 20:45:55.647401+00'),
	('1ca04737-6efe-463c-9e18-ad9796c654ca', '9c537eff-8a70-472c-949f-645a712bc297', '3cc000e3-b251-41fc-8e24-fafe475e8e58', 'admin', NULL, NULL, 'example', 'message', true, false, NULL, '2025-09-15 21:08:00.316271+00', '2025-09-15 21:08:03.106725+00'),
	('8fda7b90-7cd4-4a17-b24b-e71d312fa96a', '1afbd9a1-9b20-4b06-8c4e-e28fb0c8e492', '3cc000e3-b251-41fc-8e24-fafe475e8e58', 'admin', NULL, NULL, 'qergergreg', 'ethbwrthnerynyern', true, false, NULL, '2025-09-15 21:13:10.280828+00', '2025-09-15 21:13:13.153025+00');


--
-- Data for Name: patients; Type: TABLE DATA; Schema: public; Owner: postgres
--

INSERT INTO "public"."patients" ("id", "user_id", "email", "first_name", "last_name", "has_completed_intake", "intake_data", "created_at", "updated_at", "active") VALUES
	('27aea413-326b-451e-ba35-b34aa53945bb', '3cc000e3-b251-41fc-8e24-fafe475e8e58', 'ryanj.kelley@icloud.com', 'Ryan', 'Kelley', true, '{"location": "CA", "healthGoals": "example", "medicalHistory": "example"}', '2025-08-14 04:58:42.030544+00', '2025-08-14 05:14:43.57665+00', 'true'),
	('7c36353e-0ceb-461f-9f01-3743e1af05fc', 'e9a752e4-8384-4667-bf80-594fe43e3cbd', 'ryan@gmail.com', 'example', 'patient', false, NULL, '2025-09-17 02:15:15.452762+00', '2025-09-17 02:15:15.452762+00', 'true'),
	('1009593b-b46e-4f8d-b6a4-0cf9ba04cb32', '881a5781-d63d-417c-ac8d-a057052aa95e', 'john.smith@test.com', 'John', 'Smith', true, NULL, '2025-09-20 21:44:23.618016+00', '2025-09-20 21:44:23.618016+00', 'true'),
	('46cd3f27-666e-4ff1-86a2-c84c75d13f54', 'a9190d0a-0954-4639-80f6-10b950495717', 'maria.garcia@test.com', 'Maria', 'Garcia', true, NULL, '2025-09-20 21:44:23.618016+00', '2025-09-20 21:44:23.618016+00', 'true'),
	('15aad564-fdac-4406-8acf-01d029026ba1', '949ddc9a-0bf0-4970-b44f-a2f8c95458b7', 'david.brown@test.com', 'David', 'Brown', false, NULL, '2025-09-20 21:44:23.618016+00', '2025-09-20 21:44:23.618016+00', 'true'),
	('b2306265-2c1e-40a2-bfbb-18441c9b2056', '2ca4a4e9-0ade-4671-8d6e-c61b3a4544cb', 'jennifer.davis@test.com', 'Jennifer', 'Davis', true, NULL, '2025-09-20 21:44:23.618016+00', '2025-09-20 21:44:23.618016+00', 'true'),
	('fd34130e-7643-49ac-bb04-233e060c2e35', 'f268419f-2750-455d-9bdf-b06c16c5d909', 'michael.johnson@test.com', 'Michael', 'Johnson', true, NULL, '2025-09-20 21:44:23.618016+00', '2025-09-20 21:44:23.618016+00', 'true'),
	('5fdf005c-a8a2-4525-a17f-fd7a0db3f25e', 'b36fdd77-5a71-4ab7-b371-3322c74a50c1', 'sarah.williams@test.com', 'Sarah', 'Williams', false, NULL, '2025-09-20 21:44:23.618016+00', '2025-09-20 21:44:23.618016+00', 'true'),
	('c08004fd-1b9b-4eda-9fb2-28e3e272a561', '1e1d968d-4bcd-4868-82a3-c14c8fe95b17', 'robert.jones@test.com', 'Robert', 'Jones', true, NULL, '2025-09-20 21:44:23.618016+00', '2025-09-20 21:44:23.618016+00', 'true'),
	('6ef1884e-a1d8-46bb-9505-a961cd4276f2', '68396088-b93c-483e-a056-a8e433a3f254', 'lisa.miller@test.com', 'Lisa', 'Miller', true, NULL, '2025-09-20 21:44:23.618016+00', '2025-09-20 21:44:23.618016+00', 'true'),
	('a06d1324-f169-415c-9124-7d9cedb52f5f', '50632e73-14e1-4464-9168-920ef81308a7', 'james.wilson@test.com', 'James', 'Wilson', false, NULL, '2025-09-20 21:44:23.618016+00', '2025-09-20 21:44:23.618016+00', 'true'),
	('7b76db36-47cb-4ca2-acdd-c262f52919e2', 'd5a598b6-0a5a-4573-9dbf-385e3cba6491', 'amanda.taylor@test.com', 'Amanda', 'Taylor', true, NULL, '2025-09-20 21:44:23.618016+00', '2025-09-20 21:44:23.618016+00', 'true');


--
-- Data for Name: providers; Type: TABLE DATA; Schema: public; Owner: postgres
--

INSERT INTO "public"."providers" ("id", "user_id", "email", "first_name", "last_name", "role", "permissions", "created_at", "updated_at", "active") VALUES
	('edffb852-f772-4f0f-ba62-af0dfa164fb2', 'e88a00f9-5f62-4877-8a2a-688b7347766f', 'dr.emily.johnson@test.com', 'Dr. Emily', 'Johnson', 'admin', '{messages,patients,dashboard}', '2025-09-20 21:50:03.710222+00', '2025-09-20 21:50:03.710222+00', 'true'),
	('406b7ec8-86c8-429c-b960-d49f95b4d9cb', 'e51b0811-7c97-46e1-addc-e0ef5b3b7dbf', 'dr.james.wilson@test.com', 'Dr. James', 'Wilson', 'admin', '{messages,patients,dashboard}', '2025-09-20 21:50:03.710222+00', '2025-09-20 21:50:03.710222+00', 'true'),
	('3ae2bcdc-5fd5-4164-9fad-66c949b72b03', 'cec164a8-1291-4879-a567-614ba23adc70', 'dr.lisa.chen@test.com', 'Dr.
   Lisa', 'Chen', 'admin', '{messages,patients,dashboard}', '2025-09-20 21:50:03.710222+00', '2025-09-20 21:50:03.710222+00', 'true'),
	('814c786c-6b93-4660-810b-b6eaaf63e018', '17d7dad1-dd5a-435e-80ff-d07efd62a031', 'dr.sarah.martinez@test.com', 'Dr. Sarah', 'Martinez', 'admin', '{messages,patients,dashboard}', '2025-09-20 21:50:03.710222+00', '2025-09-20 21:50:03.710222+00', 'true'),
	('e76a933d-57a6-485d-b67c-bc510d1be11c', '9cd31c39-a67f-4d59-a5df-3c87bcd6d725', 'dr.robert.anderson@test.com', 'Dr. Robert', 'Anderson', 'admin', '{messages,patients,dashboard}', '2025-09-20 21:50:03.710222+00', '2025-09-20 21:50:03.710222+00', 'true'),
	('c9529ab9-ec3e-4ebd-82c7-92ac5b54456f', '399ee9b7-b889-4035-8d66-d8fb47249c17', 'dr.jennifer.thomas@test.com', 'Dr. Jennifer', 'Thomas', 'admin', '{messages,patients,dashboard}', '2025-09-20 21:50:03.710222+00', '2025-09-20 21:50:03.710222+00', 'true'),
	('df4dec02-36e3-40e2-a98c-d89d7bf805fb', 'aac179e0-fe5f-4dab-ada1-55ff1347b96c', 'dr.amanda.white@test.com', 'Dr. Amanda', 'White', 'admin', '{messages,patients,dashboard}', '2025-09-20 21:50:03.710222+00', '2025-09-20 21:50:03.710222+00', 'true'),
	('a9e07ca2-9cab-42f2-a6ff-413873888346', '2d9a5fc6-130d-460b-bd7f-2d51d19afd2a', 'dr.christopher.harris@test.com', 'Dr. 
  Christopher', 'Harris', 'admin', '{messages,patients,dashboard}', '2025-09-20 21:50:03.710222+00', '2025-09-20 21:50:03.710222+00', 'true'),
	('e0a0ab2e-8a88-43d4-a692-7962a910ffd5', 'a0ec6f0b-797c-44ef-aa80-71d36634e389', 'dr.michael.davis@test.com', 'Dr. Michael', 'Davis', 'admin', '{messages,patients,dashboard}', '2025-09-20 21:50:03.710222+00', '2025-09-20 21:50:03.710222+00', 'true');


--
-- Data for Name: patient_providers; Type: TABLE DATA; Schema: public; Owner: postgres
--



--
-- Data for Name: buckets; Type: TABLE DATA; Schema: storage; Owner: supabase_storage_admin
--



--
-- Data for Name: buckets_analytics; Type: TABLE DATA; Schema: storage; Owner: supabase_storage_admin
--



--
-- Data for Name: objects; Type: TABLE DATA; Schema: storage; Owner: supabase_storage_admin
--



--
-- Data for Name: prefixes; Type: TABLE DATA; Schema: storage; Owner: supabase_storage_admin
--



--
-- Data for Name: s3_multipart_uploads; Type: TABLE DATA; Schema: storage; Owner: supabase_storage_admin
--



--
-- Data for Name: s3_multipart_uploads_parts; Type: TABLE DATA; Schema: storage; Owner: supabase_storage_admin
--



--
-- Name: refresh_tokens_id_seq; Type: SEQUENCE SET; Schema: auth; Owner: supabase_auth_admin
--

SELECT pg_catalog.setval('"auth"."refresh_tokens_id_seq"', 206, true);


--
-- PostgreSQL database dump complete
--

RESET ALL;
